-- Moved these to the auth.dataload.sql file in kme-auth-config so that
-- the auth.bootstrap property in kme.conifg.properties can be used to
-- control the loading of user and group data.
-- insert into KME_GROUP_T (ID,GROUP_X,GROUP_NM) values (1,'Default Kuali Mobility Administrator Group','KME-ADMINISTRATORS')
-- insert into KME_GROUP_T (ID,GROUP_X,GROUP_NM) values (2,'Default Kuali Mobility Backdoor Access Group','KME-BACKDOOR')
-- insert into KME_GROUP_T (ID,GROUP_X,GROUP_NM) values (3,'A group for all users','PUBLIC-USERS')
--
-- insert into KME_USER_T (ID,DISPLAY_NM,EMAIL_ADDR_X,FIRST_NM,LAST_NM,LOGIN_NM,PASSWORD_X,URL,CAMPUS_ID) values (1,'Mojo Jojo','mojojojo@powerpuff.com','mojo','jojo','mojojojo','2ed78428057cbb910a546055f8ac4dfe0ba18928',null,'ALL')
-- insert into KME_USER_T (ID,DISPLAY_NM,EMAIL_ADDR_X,FIRST_NM,LAST_NM,LOGIN_NM,PASSWORD_X,URL,CAMPUS_ID) values (2,'Fuzzy Lumpkins','fuzzy@powerpuff.com','fuzzy','lumpkins','fuzzy','8247c285476f81e06a48c1af188b311eed9356ba',null,'ALL')
--
-- insert into KME_GROUP_MEMBERSHIP_T (GROUP_ID,USER_ID) values (3,1)
-- insert into KME_GROUP_MEMBERSHIP_T (GROUP_ID,USER_ID) values (1,1)
-- insert into KME_GROUP_MEMBERSHIP_T (GROUP_ID,USER_ID) values (1,2)
--
-- insert into KME_USER_ATTRIBUTE_T (ID,ATTRIBUTE_NM,ATTRIBUTE_X,USER_ID) values (1,'ATTRIBUTE_A','valueA',1)
-- insert into KME_USER_ATTRIBUTE_T (ID,ATTRIBUTE_NM,ATTRIBUTE_X,USER_ID) values (2,'ATTRIBUTE_B','valueB',1)
-- insert into KME_USER_ATTRIBUTE_T (ID,ATTRIBUTE_NM,ATTRIBUTE_X,USER_ID) values (3,'ATTRIBUTE_B','valueD',1)
-- insert into KME_USER_ATTRIBUTE_T (ID,ATTRIBUTE_NM,ATTRIBUTE_X,USER_ID) values (4,'ATTRIBUTE_C','valueC',1)
-- insert into KME_USER_ATTRIBUTE_T (ID,ATTRIBUTE_NM,ATTRIBUTE_X,USER_ID) values (5,'ATTRIBUTE_A','valueB',2)
-- insert into KME_USER_ATTRIBUTE_T (ID,ATTRIBUTE_NM,ATTRIBUTE_X,USER_ID) values (6,'ATTRIBUTE_D','valueE',2)
--
-- insert into HIBERNATE_SEQUENCES (SEQUENCE_NAME,SEQUENCE_NEXT_HI_VALUE) values ('KME_USER_T',3)
-- insert into HIBERNATE_SEQUENCES (SEQUENCE_NAME,SEQUENCE_NEXT_HI_VALUE) values ('KME_GROUP_T',4)
-- insert into HIBERNATE_SEQUENCES (SEQUENCE_NAME,SEQUENCE_NEXT_HI_VALUE) values ('KME_USER_ATTRIBUTE_T',7)

--insert for feedback subject data

insert into KME_FDBCK_SBJCT_T (ID,SUB_KEY,SUB_VAL) values (1,'General Feedback','General Feedback');
insert into KME_FDBCK_SBJCT_T (ID,SUB_KEY,SUB_VAL) values (2,'Campus Alerts','Campus Alerts');
insert into KME_FDBCK_SBJCT_T (ID,SUB_KEY,SUB_VAL) values (3,'Buses','Buses');
insert into KME_FDBCK_SBJCT_T (ID,SUB_KEY,SUB_VAL) values (4,'News','News');
insert into KME_FDBCK_SBJCT_T (ID,SUB_KEY,SUB_VAL) values (5,'Dining','Dining');
insert into KME_FDBCK_SBJCT_T (ID,SUB_KEY,SUB_VAL) values (6,'Computer Labs','Computer Labs');
insert into KME_FDBCK_SBJCT_T (ID,SUB_KEY,SUB_VAL) values (7,'Academics','Academics');
insert into KME_FDBCK_SBJCT_T (ID,SUB_KEY,SUB_VAL) values (8,'Grades','Grades');
insert into KME_FDBCK_SBJCT_T (ID,SUB_KEY,SUB_VAL) values (9,'Library','Library');
insert into KME_FDBCK_SBJCT_T (ID,SUB_KEY,SUB_VAL) values (10,'Emergency Contacts','Emergency Contacts');
insert into KME_FDBCK_SBJCT_T (ID,SUB_KEY,SUB_VAL) values (11,'Campus Maps','Campus Maps');
insert into KME_FDBCK_SBJCT_T (ID,SUB_KEY,SUB_VAL) values (12,'Feedback','Feedback');
insert into KME_FDBCK_SBJCT_T (ID,SUB_KEY,SUB_VAL) values (13,'Campus Directory','Campus Directory');
insert into KME_FDBCK_SBJCT_T (ID,SUB_KEY,SUB_VAL) values (14,'Weather','Weather');
insert into KME_FDBCK_SBJCT_T (ID,SUB_KEY,SUB_VAL) values (15,'Events','Events');
insert into KME_FDBCK_SBJCT_T (ID,SUB_KEY,SUB_VAL) values (16,'Incident Reporting','Incident Reporting');
insert into KME_FDBCK_SBJCT_T (ID,SUB_KEY,SUB_VAL) values (17,'Reporting Admin','Reporting Admin');
insert into KME_FDBCK_SBJCT_T (ID,SUB_KEY,SUB_VAL) values (18,'Writer','Writer');
insert into KME_FDBCK_SBJCT_T (ID,SUB_KEY,SUB_VAL) values (19,'Push Notifications','Push Notifications');

insert into HIBERNATE_SEQUENCES (SEQUENCE_NAME,SEQUENCE_NEXT_HI_VALUE) values ('KME_FDBCK_SBJCT_T',20);

--insert for feedback device type data

insert into KME_FDBCK_DEVICE_TYPE_T (ID,SUB_DEV_KEY,SUB_DEV_VAL) values (1,'feedback.default', 'feedback.default');
insert into KME_FDBCK_DEVICE_TYPE_T (ID,SUB_DEV_KEY,SUB_DEV_VAL) values (2,'feedback.computer', 'feedback.computer');
insert into KME_FDBCK_DEVICE_TYPE_T (ID,SUB_DEV_KEY,SUB_DEV_VAL) values (3,'feedback.android', 'feedback.android');
insert into KME_FDBCK_DEVICE_TYPE_T (ID,SUB_DEV_KEY,SUB_DEV_VAL) values (4,'feedback.blackberry', 'feedback.blackberry');
insert into KME_FDBCK_DEVICE_TYPE_T (ID,SUB_DEV_KEY,SUB_DEV_VAL) values (5,'feedback.ipad', 'feedback.ipad');
insert into KME_FDBCK_DEVICE_TYPE_T (ID,SUB_DEV_KEY,SUB_DEV_VAL) values (6,'feedback.iphone', 'feedback.iphone');
insert into KME_FDBCK_DEVICE_TYPE_T (ID,SUB_DEV_KEY,SUB_DEV_VAL) values (7,'feedback.ipod', 'feedback.ipod');
insert into KME_FDBCK_DEVICE_TYPE_T (ID,SUB_DEV_KEY,SUB_DEV_VAL) values (8,'feedback.windowsMobile', 'feedback.windowsMobile');
insert into KME_FDBCK_DEVICE_TYPE_T (ID,SUB_DEV_KEY,SUB_DEV_VAL) values (9,'feedback.other', 'feedback.other');

insert into HIBERNATE_SEQUENCES (SEQUENCE_NAME,SEQUENCE_NEXT_HI_VALUE) values ('KME_FDBCK_DEVICE_TYPE_T',10);

--insert for library data start

insert into LIBRARY_HOUR_PERIOD (LABEL, ORDR, ID) values ('library.semester',1,1);
insert into LIBRARY_HOUR_PERIOD (LABEL, ORDR, ID) values ('library.recess',2,2);

insert into LIBRARY_HOUR_SET (LIBRARY_ID, PERIOD_ID, ID) values (1,2,1);
insert into LIBRARY_HOUR_SET (LIBRARY_ID, PERIOD_ID, ID) values (1,1,2);
insert into LIBRARY_HOUR_SET (LIBRARY_ID, PERIOD_ID, ID) values (2,2,3);
insert into LIBRARY_HOUR_SET (LIBRARY_ID, PERIOD_ID, ID) values (2,1,4);
insert into LIBRARY_HOUR_SET (LIBRARY_ID, PERIOD_ID, ID) values (3,2,5);
insert into LIBRARY_HOUR_SET (LIBRARY_ID, PERIOD_ID, ID) values (3,1,6);
insert into LIBRARY_HOUR_SET (LIBRARY_ID, PERIOD_ID, ID) values (4,2,7);
insert into LIBRARY_HOUR_SET (LIBRARY_ID, PERIOD_ID, ID) values (4,1,8);
insert into LIBRARY_HOUR_SET (LIBRARY_ID, PERIOD_ID, ID) values (5,2,9);
insert into LIBRARY_HOUR_SET (LIBRARY_ID, PERIOD_ID, ID) values (5,1,10);
insert into LIBRARY_HOUR_SET (LIBRARY_ID, PERIOD_ID, ID) values (6,2,11);
insert into LIBRARY_HOUR_SET (LIBRARY_ID, PERIOD_ID, ID) values (6,1,12);
insert into LIBRARY_HOUR_SET (LIBRARY_ID, PERIOD_ID, ID) values (7,2,13);
insert into LIBRARY_HOUR_SET (LIBRARY_ID, PERIOD_ID, ID) values (7,1,14);
insert into LIBRARY_HOUR_SET (LIBRARY_ID, PERIOD_ID, ID) values (8,2,15);
insert into LIBRARY_HOUR_SET (LIBRARY_ID, PERIOD_ID, ID) values (8,1,16);
insert into LIBRARY_HOUR_SET (LIBRARY_ID, PERIOD_ID, ID) values (9,2,17);
insert into LIBRARY_HOUR_SET (LIBRARY_ID, PERIOD_ID, ID) values (9,1,18);
insert into LIBRARY_HOUR_SET (LIBRARY_ID, PERIOD_ID, ID) values (10,2,19);
insert into LIBRARY_HOUR_SET (LIBRARY_ID, PERIOD_ID, ID) values (10,1,20);
insert into LIBRARY_HOUR_SET (LIBRARY_ID, PERIOD_ID, ID) values (11,2,21);
insert into LIBRARY_HOUR_SET (LIBRARY_ID, PERIOD_ID, ID) values (11,1,22);
insert into LIBRARY_HOUR_SET (LIBRARY_ID, PERIOD_ID, ID) values (12,2,23);
insert into LIBRARY_HOUR_SET (LIBRARY_ID, PERIOD_ID, ID) values (12,1,24);
insert into LIBRARY_HOUR_SET (LIBRARY_ID, PERIOD_ID, ID) values (13,2,25);
insert into LIBRARY_HOUR_SET (LIBRARY_ID, PERIOD_ID, ID) values (13,1,26);
insert into LIBRARY_HOUR_SET (LIBRARY_ID, PERIOD_ID, ID) values (14,2,27);
insert into LIBRARY_HOUR_SET (LIBRARY_ID, PERIOD_ID, ID) values (14,1,28);
insert into LIBRARY_HOUR_SET (LIBRARY_ID, PERIOD_ID, ID) values (15,2,29);
insert into LIBRARY_HOUR_SET (LIBRARY_ID, PERIOD_ID, ID) values (15,1,30);
insert into LIBRARY_HOUR_SET (LIBRARY_ID, PERIOD_ID, ID) values (16,2,31);
insert into LIBRARY_HOUR_SET (LIBRARY_ID, PERIOD_ID, ID) values (16,1,32);
insert into LIBRARY_HOUR_SET (LIBRARY_ID, PERIOD_ID, ID) values (17,2,33);
insert into LIBRARY_HOUR_SET (LIBRARY_ID, PERIOD_ID, ID) values (17,1,34);
insert into LIBRARY_HOUR_SET (LIBRARY_ID, PERIOD_ID, ID) values (18,2,35);
insert into LIBRARY_HOUR_SET (LIBRARY_ID, PERIOD_ID, ID) values (18,1,36);
insert into LIBRARY_HOUR_SET (LIBRARY_ID, PERIOD_ID, ID) values (19,2,37);
insert into LIBRARY_HOUR_SET (LIBRARY_ID, PERIOD_ID, ID) values (19,1,38);
insert into LIBRARY_HOUR_SET (LIBRARY_ID, PERIOD_ID, ID) values (20,2,39);
insert into LIBRARY_HOUR_SET (LIBRARY_ID, PERIOD_ID, ID) values (20,1,40);
insert into LIBRARY_HOUR_SET (LIBRARY_ID, PERIOD_ID, ID) values (21,2,41);
insert into LIBRARY_HOUR_SET (LIBRARY_ID, PERIOD_ID, ID) values (21,1,42);
insert into LIBRARY_HOUR_SET (LIBRARY_ID, PERIOD_ID, ID) values (22,2,43);
insert into LIBRARY_HOUR_SET (LIBRARY_ID, PERIOD_ID, ID) values (22,1,44);
insert into LIBRARY_HOUR_SET (LIBRARY_ID, PERIOD_ID, ID) values (23,2,45);
insert into LIBRARY_HOUR_SET (LIBRARY_ID, PERIOD_ID, ID) values (23,1,46);
insert into LIBRARY_HOUR_SET (LIBRARY_ID, PERIOD_ID, ID) values (24,2,47);
insert into LIBRARY_HOUR_SET (LIBRARY_ID, PERIOD_ID, ID) values (24,1,48);
insert into LIBRARY_HOUR_SET (LIBRARY_ID, PERIOD_ID, ID) values (25,2,49);
insert into LIBRARY_HOUR_SET (LIBRARY_ID, PERIOD_ID, ID) values (25,1,50);
insert into LIBRARY_HOUR_SET (LIBRARY_ID, PERIOD_ID, ID) values (26,2,51);
insert into LIBRARY_HOUR_SET (LIBRARY_ID, PERIOD_ID, ID) values (26,1,52);
insert into LIBRARY_HOUR_SET (LIBRARY_ID, PERIOD_ID, ID) values (27,2,53);
insert into LIBRARY_HOUR_SET (LIBRARY_ID, PERIOD_ID, ID) values (27,1,54);
insert into LIBRARY_HOUR_SET (LIBRARY_ID, PERIOD_ID, ID) values (28,2,55);
insert into LIBRARY_HOUR_SET (LIBRARY_ID, PERIOD_ID, ID) values (28,1,56);
insert into LIBRARY_HOUR_SET (LIBRARY_ID, PERIOD_ID, ID) values (29,2,57);
insert into LIBRARY_HOUR_SET (LIBRARY_ID, PERIOD_ID, ID) values (29,1,58);
insert into LIBRARY_HOUR_SET (LIBRARY_ID, PERIOD_ID, ID) values (30,2,59);
insert into LIBRARY_HOUR_SET (LIBRARY_ID, PERIOD_ID, ID) values (30,1,60);

insert into LIBRARY_CONTACT_DETAIL (EMAIL, FAX, GENERAL_INFO_DESK, LATITUDE, LONGITUDE, PHYSICAL_ADDR, POSTAL_ADDR, TELEPHONE, VERSION, ID) values ('library1@example.com','012 345 6879','021 546 5555','null','null','Exactly where you want us to be','Exactly where you want to post to','012 345 6879',0,1);
insert into LIBRARY_CONTACT_DETAIL (EMAIL, FAX, GENERAL_INFO_DESK, LATITUDE, LONGITUDE, PHYSICAL_ADDR, POSTAL_ADDR, TELEPHONE, VERSION, ID) values ('library2@example.com','012 345 6879','021 546 5555','null','null','Exactly where you want us to be','Exactly where you want to post to','012 345 6879',0,2);
insert into LIBRARY_CONTACT_DETAIL (EMAIL, FAX, GENERAL_INFO_DESK, LATITUDE, LONGITUDE, PHYSICAL_ADDR, POSTAL_ADDR, TELEPHONE, VERSION, ID) values ('library3@example.com','012 345 6879','021 546 5555','null','null','Exactly where you want us to be','Exactly where you want to post to','012 345 6879',0,3);
insert into LIBRARY_CONTACT_DETAIL (EMAIL, FAX, GENERAL_INFO_DESK, LATITUDE, LONGITUDE, PHYSICAL_ADDR, POSTAL_ADDR, TELEPHONE, VERSION, ID) values ('library1@example.com','012 345 6879','021 546 5555','null','null','Exactly where you want us to be','Exactly where you want to post to','012 345 6879',0,4);
insert into LIBRARY_CONTACT_DETAIL (EMAIL, FAX, GENERAL_INFO_DESK, LATITUDE, LONGITUDE, PHYSICAL_ADDR, POSTAL_ADDR, TELEPHONE, VERSION, ID) values ('library2@example.com','012 345 6879','021 546 5555','null','null','Exactly where you want us to be','Exactly where you want to post to','012 345 6879',0,5);
insert into LIBRARY_CONTACT_DETAIL (EMAIL, FAX, GENERAL_INFO_DESK, LATITUDE, LONGITUDE, PHYSICAL_ADDR, POSTAL_ADDR, TELEPHONE, VERSION, ID) values ('library3@example.com','012 345 6879','021 546 5555','null','null','Exactly where you want us to be','Exactly where you want to post to','012 345 6879',0,6);
insert into LIBRARY_CONTACT_DETAIL (EMAIL, FAX, GENERAL_INFO_DESK, LATITUDE, LONGITUDE, PHYSICAL_ADDR, POSTAL_ADDR, TELEPHONE, VERSION, ID) values ('library1@example.com','012 345 6879','021 546 5555','null','null','Exactly where you want us to be','Exactly where you want to post to','012 345 6879',0,7);
insert into LIBRARY_CONTACT_DETAIL (EMAIL, FAX, GENERAL_INFO_DESK, LATITUDE, LONGITUDE, PHYSICAL_ADDR, POSTAL_ADDR, TELEPHONE, VERSION, ID) values ('library2@example.com','012 345 6879','021 546 5555','null','null','Exactly where you want us to be','Exactly where you want to post to','012 345 6879',0,8);
insert into LIBRARY_CONTACT_DETAIL (EMAIL, FAX, GENERAL_INFO_DESK, LATITUDE, LONGITUDE, PHYSICAL_ADDR, POSTAL_ADDR, TELEPHONE, VERSION, ID) values ('library3@example.com','012 345 6879','021 546 5555','null','null','Exactly where you want us to be','Exactly where you want to post to','012 345 6879',0,9);
insert into LIBRARY_CONTACT_DETAIL (EMAIL, FAX, GENERAL_INFO_DESK, LATITUDE, LONGITUDE, PHYSICAL_ADDR, POSTAL_ADDR, TELEPHONE, VERSION, ID) values ('library1@example.com','012 345 6879','021 546 5555','null','null','Exactly where you want us to be','Exactly where you want to post to','012 345 6879',0,10);
insert into LIBRARY_CONTACT_DETAIL (EMAIL, FAX, GENERAL_INFO_DESK, LATITUDE, LONGITUDE, PHYSICAL_ADDR, POSTAL_ADDR, TELEPHONE, VERSION, ID) values ('library2@example.com','012 345 6879','021 546 5555','null','null','Exactly where you want us to be','Exactly where you want to post to','012 345 6879',0,11);
insert into LIBRARY_CONTACT_DETAIL (EMAIL, FAX, GENERAL_INFO_DESK, LATITUDE, LONGITUDE, PHYSICAL_ADDR, POSTAL_ADDR, TELEPHONE, VERSION, ID) values ('library3@example.com','012 345 6879','021 546 5555','null','null','Exactly where you want us to be','Exactly where you want to post to','012 345 6879',0,12);
insert into LIBRARY_CONTACT_DETAIL (EMAIL, FAX, GENERAL_INFO_DESK, LATITUDE, LONGITUDE, PHYSICAL_ADDR, POSTAL_ADDR, TELEPHONE, VERSION, ID) values ('library1@example.com','012 345 6879','021 546 5555','null','null','Exactly where you want us to be','Exactly where you want to post to','012 345 6879',0,13);
insert into LIBRARY_CONTACT_DETAIL (EMAIL, FAX, GENERAL_INFO_DESK, LATITUDE, LONGITUDE, PHYSICAL_ADDR, POSTAL_ADDR, TELEPHONE, VERSION, ID) values ('library2@example.com','012 345 6879','021 546 5555','null','null','Exactly where you want us to be','Exactly where you want to post to','012 345 6879',0,14);
insert into LIBRARY_CONTACT_DETAIL (EMAIL, FAX, GENERAL_INFO_DESK, LATITUDE, LONGITUDE, PHYSICAL_ADDR, POSTAL_ADDR, TELEPHONE, VERSION, ID) values ('library3@example.com','012 345 6879','021 546 5555','null','null','Exactly where you want us to be','Exactly where you want to post to','012 345 6879',0,15);
insert into LIBRARY_CONTACT_DETAIL (EMAIL, FAX, GENERAL_INFO_DESK, LATITUDE, LONGITUDE, PHYSICAL_ADDR, POSTAL_ADDR, TELEPHONE, VERSION, ID) values ('library1@example.com','012 345 6879','021 546 5555','null','null','Exactly where you want us to be','Exactly where you want to post to','012 345 6879',0,16);
insert into LIBRARY_CONTACT_DETAIL (EMAIL, FAX, GENERAL_INFO_DESK, LATITUDE, LONGITUDE, PHYSICAL_ADDR, POSTAL_ADDR, TELEPHONE, VERSION, ID) values ('library2@example.com','012 345 6879','021 546 5555','null','null','Exactly where you want us to be','Exactly where you want to post to','012 345 6879',0,17);
insert into LIBRARY_CONTACT_DETAIL (EMAIL, FAX, GENERAL_INFO_DESK, LATITUDE, LONGITUDE, PHYSICAL_ADDR, POSTAL_ADDR, TELEPHONE, VERSION, ID) values ('library3@example.com','012 345 6879','021 546 5555','null','null','Exactly where you want us to be','Exactly where you want to post to','012 345 6879',0,18);
insert into LIBRARY_CONTACT_DETAIL (EMAIL, FAX, GENERAL_INFO_DESK, LATITUDE, LONGITUDE, PHYSICAL_ADDR, POSTAL_ADDR, TELEPHONE, VERSION, ID) values ('library1@example.com','012 345 6879','021 546 5555','null','null','Exactly where you want us to be','Exactly where you want to post to','012 345 6879',0,19);
insert into LIBRARY_CONTACT_DETAIL (EMAIL, FAX, GENERAL_INFO_DESK, LATITUDE, LONGITUDE, PHYSICAL_ADDR, POSTAL_ADDR, TELEPHONE, VERSION, ID) values ('library2@example.com','012 345 6879','021 546 5555','null','null','Exactly where you want us to be','Exactly where you want to post to','012 345 6879',0,20);
insert into LIBRARY_CONTACT_DETAIL (EMAIL, FAX, GENERAL_INFO_DESK, LATITUDE, LONGITUDE, PHYSICAL_ADDR, POSTAL_ADDR, TELEPHONE, VERSION, ID) values ('library3@example.com','012 345 6879','021 546 5555','null','null','Exactly where you want us to be','Exactly where you want to post to','012 345 6879',0,21);
insert into LIBRARY_CONTACT_DETAIL (EMAIL, FAX, GENERAL_INFO_DESK, LATITUDE, LONGITUDE, PHYSICAL_ADDR, POSTAL_ADDR, TELEPHONE, VERSION, ID) values ('library1@example.com','012 345 6879','021 546 5555','null','null','Exactly where you want us to be','Exactly where you want to post to','012 345 6879',0,22);
insert into LIBRARY_CONTACT_DETAIL (EMAIL, FAX, GENERAL_INFO_DESK, LATITUDE, LONGITUDE, PHYSICAL_ADDR, POSTAL_ADDR, TELEPHONE, VERSION, ID) values ('library2@example.com','012 345 6879','021 546 5555','null','null','Exactly where you want us to be','Exactly where you want to post to','012 345 6879',0,23);
insert into LIBRARY_CONTACT_DETAIL (EMAIL, FAX, GENERAL_INFO_DESK, LATITUDE, LONGITUDE, PHYSICAL_ADDR, POSTAL_ADDR, TELEPHONE, VERSION, ID) values ('library3@example.com','012 345 6879','021 546 5555','null','null','Exactly where you want us to be','Exactly where you want to post to','012 345 6879',0,24);
insert into LIBRARY_CONTACT_DETAIL (EMAIL, FAX, GENERAL_INFO_DESK, LATITUDE, LONGITUDE, PHYSICAL_ADDR, POSTAL_ADDR, TELEPHONE, VERSION, ID) values ('library1@example.com','012 345 6879','021 546 5555','null','null','Exactly where you want us to be','Exactly where you want to post to','012 345 6879',0,25);
insert into LIBRARY_CONTACT_DETAIL (EMAIL, FAX, GENERAL_INFO_DESK, LATITUDE, LONGITUDE, PHYSICAL_ADDR, POSTAL_ADDR, TELEPHONE, VERSION, ID) values ('library2@example.com','012 345 6879','021 546 5555','null','null','Exactly where you want us to be','Exactly where you want to post to','012 345 6879',0,26);
insert into LIBRARY_CONTACT_DETAIL (EMAIL, FAX, GENERAL_INFO_DESK, LATITUDE, LONGITUDE, PHYSICAL_ADDR, POSTAL_ADDR, TELEPHONE, VERSION, ID) values ('library3@example.com','012 345 6879','021 546 5555','null','null','Exactly where you want us to be','Exactly where you want to post to','012 345 6879',0,27);
insert into LIBRARY_CONTACT_DETAIL (EMAIL, FAX, GENERAL_INFO_DESK, LATITUDE, LONGITUDE, PHYSICAL_ADDR, POSTAL_ADDR, TELEPHONE, VERSION, ID) values ('library1@example.com','012 345 6879','021 546 5555','null','null','Exactly where you want us to be','Exactly where you want to post to','012 345 6879',0,28);
insert into LIBRARY_CONTACT_DETAIL (EMAIL, FAX, GENERAL_INFO_DESK, LATITUDE, LONGITUDE, PHYSICAL_ADDR, POSTAL_ADDR, TELEPHONE, VERSION, ID) values ('library2@example.com','012 345 6879','021 546 5555','null','null','Exactly where you want us to be','Exactly where you want to post to','012 345 6879',0,29);
insert into LIBRARY_CONTACT_DETAIL (EMAIL, FAX, GENERAL_INFO_DESK, LATITUDE, LONGITUDE, PHYSICAL_ADDR, POSTAL_ADDR, TELEPHONE, VERSION, ID) values ('library3@example.com','012 345 6879','021 546 5555','null','null','Exactly where you want us to be','Exactly where you want to post to','012 345 6879',0,30);

insert into LIBRARY (ACTIVE, CAMPUS_CODE, LIBRARY_CONTACT_ID, NAME, ORDR, ID) values (true,'ALL',1,'library1 @ All',1,1);
insert into LIBRARY (ACTIVE, CAMPUS_CODE, LIBRARY_CONTACT_ID, NAME, ORDR, ID) values (true,'ALL',2,'library2 @ All',2,2);
insert into LIBRARY (ACTIVE, CAMPUS_CODE, LIBRARY_CONTACT_ID, NAME, ORDR, ID) values (true,'ALL',3,'library3 @ All',3,3);
insert into LIBRARY (ACTIVE, CAMPUS_CODE, LIBRARY_CONTACT_ID, NAME, ORDR, ID) values (true,'UA',4,'Swain Hall Library  @ IU All',1,4);
insert into LIBRARY (ACTIVE, CAMPUS_CODE, LIBRARY_CONTACT_ID, NAME, ORDR, ID) values (true,'UA',5,'RPS Libraries @ IU All',2,5);
insert into LIBRARY (ACTIVE, CAMPUS_CODE, LIBRARY_CONTACT_ID, NAME, ORDR, ID) values (true,'UA',6,'Kinsey Institute Library @ IU All',3,6);
insert into LIBRARY (ACTIVE, CAMPUS_CODE, LIBRARY_CONTACT_ID, NAME, ORDR, ID) values (true,'BL',7,'Geosciences Library @ IU Bloomington',1,7);
insert into LIBRARY (ACTIVE, CAMPUS_CODE, LIBRARY_CONTACT_ID, NAME, ORDR, ID) values (true,'BL',8,'Education Library @ IU Bloomington',2,8);
insert into LIBRARY (ACTIVE, CAMPUS_CODE, LIBRARY_CONTACT_ID, NAME, ORDR, ID) values (true,'BL',9,'Fine Arts Library  @ IU Bloomington',3,9);
insert into LIBRARY (ACTIVE, CAMPUS_CODE, LIBRARY_CONTACT_ID, NAME, ORDR, ID) values (true,'IN',10,'library1 @ IUPUI',1,10);
insert into LIBRARY (ACTIVE, CAMPUS_CODE, LIBRARY_CONTACT_ID, NAME, ORDR, ID) values (true,'IN',11,'library2 @ IUPUI',2,11);
insert into LIBRARY (ACTIVE, CAMPUS_CODE, LIBRARY_CONTACT_ID, NAME, ORDR, ID) values (true,'IN',12,'library3 @ IUPUI',3,12);
insert into LIBRARY (ACTIVE, CAMPUS_CODE, LIBRARY_CONTACT_ID, NAME, ORDR, ID) values (true,'CO',13,'library1 @ IUPUC',1,13);
insert into LIBRARY (ACTIVE, CAMPUS_CODE, LIBRARY_CONTACT_ID, NAME, ORDR, ID) values (true,'CO',14,'library2 @ IUPUC',2,14);
insert into LIBRARY (ACTIVE, CAMPUS_CODE, LIBRARY_CONTACT_ID, NAME, ORDR, ID) values (true,'CO',15,'library3 @ IUPUC',3,15);
insert into LIBRARY (ACTIVE, CAMPUS_CODE, LIBRARY_CONTACT_ID, NAME, ORDR, ID) values (true,'EA',16,'library1 @ IU East',1,16);
insert into LIBRARY (ACTIVE, CAMPUS_CODE, LIBRARY_CONTACT_ID, NAME, ORDR, ID) values (true,'EA',17,'library2 @ IU East',2,17);
insert into LIBRARY (ACTIVE, CAMPUS_CODE, LIBRARY_CONTACT_ID, NAME, ORDR, ID) values (true,'EA',18,'library3 @ IU East',3,18);
insert into LIBRARY (ACTIVE, CAMPUS_CODE, LIBRARY_CONTACT_ID, NAME, ORDR, ID) values (true,'KO',19,'library1 @ IU Kokomo',1,19);
insert into LIBRARY (ACTIVE, CAMPUS_CODE, LIBRARY_CONTACT_ID, NAME, ORDR, ID) values (true,'KO',20,'library2 @ IU Kokomo',2,20);
insert into LIBRARY (ACTIVE, CAMPUS_CODE, LIBRARY_CONTACT_ID, NAME, ORDR, ID) values (true,'KO',21,'library3 @ IU Kokomo',3,21);
insert into LIBRARY (ACTIVE, CAMPUS_CODE, LIBRARY_CONTACT_ID, NAME, ORDR, ID) values (true,'NW',22,'library1 @ IU Northwest',1,22);
insert into LIBRARY (ACTIVE, CAMPUS_CODE, LIBRARY_CONTACT_ID, NAME, ORDR, ID) values (true,'NW',23,'library2 @ IU Northwest',2,23);
insert into LIBRARY (ACTIVE, CAMPUS_CODE, LIBRARY_CONTACT_ID, NAME, ORDR, ID) values (true,'NW',24,'library3 @ IU Northwest',3,24);
insert into LIBRARY (ACTIVE, CAMPUS_CODE, LIBRARY_CONTACT_ID, NAME, ORDR, ID) values (true,'SB',25,'library1 @ IU South Bend',1,25);
insert into LIBRARY (ACTIVE, CAMPUS_CODE, LIBRARY_CONTACT_ID, NAME, ORDR, ID) values (true,'SB',26,'library2 @ IU South Bend',2,26);
insert into LIBRARY (ACTIVE, CAMPUS_CODE, LIBRARY_CONTACT_ID, NAME, ORDR, ID) values (true,'SB',27,'library3 @ IU South Bend',3,27);
insert into LIBRARY (ACTIVE, CAMPUS_CODE, LIBRARY_CONTACT_ID, NAME, ORDR, ID) values (true,'SE',28,'library1 @ IU Southeast',1,28);
insert into LIBRARY (ACTIVE, CAMPUS_CODE, LIBRARY_CONTACT_ID, NAME, ORDR, ID) values (true,'SE',29,'library2 @ IU Southeast',2,29);
insert into LIBRARY (ACTIVE, CAMPUS_CODE, LIBRARY_CONTACT_ID, NAME, ORDR, ID) values (true,'SE',30,'library3 @ IU Southeast',3,30);


insert into LIBRARY_HOUR (DAY_OF_WEEK, FROM_TIME, HOUR_SET_ID, TO_TIME, ID) values (1,TIMESTAMP '31-12-14 13:00:00',1,TIMESTAMP '31-12-14 14:00:00',1);
insert into LIBRARY_HOUR (DAY_OF_WEEK, FROM_TIME, HOUR_SET_ID, TO_TIME, ID) values (2,TIMESTAMP '31-12-14 13:00:00',1,TIMESTAMP '31-12-14 14:00:00',2);
insert into LIBRARY_HOUR (DAY_OF_WEEK, FROM_TIME, HOUR_SET_ID, TO_TIME, ID) values (3,TIMESTAMP '31-12-14 13:00:00',1,TIMESTAMP '31-12-14 14:00:00',3);
insert into LIBRARY_HOUR (DAY_OF_WEEK, FROM_TIME, HOUR_SET_ID, TO_TIME, ID) values (4,TIMESTAMP '31-12-14 13:00:00',1,TIMESTAMP '31-12-14 14:00:00',4);
insert into LIBRARY_HOUR (DAY_OF_WEEK, FROM_TIME, HOUR_SET_ID, TO_TIME, ID) values (5,TIMESTAMP '31-12-14 13:00:00',1,TIMESTAMP '31-12-14 14:00:00',5);
insert into LIBRARY_HOUR (DAY_OF_WEEK, FROM_TIME, HOUR_SET_ID, TO_TIME, ID) values (6,TIMESTAMP '31-12-14 13:00:00',1,TIMESTAMP '31-12-14 14:00:00',6);
insert into LIBRARY_HOUR (DAY_OF_WEEK, FROM_TIME, HOUR_SET_ID, TO_TIME, ID) values (7,TIMESTAMP '31-12-14 13:00:00',1,TIMESTAMP '31-12-14 14:00:00',7);
insert into LIBRARY_HOUR (DAY_OF_WEEK, FROM_TIME, HOUR_SET_ID, TO_TIME, ID) values (8,TIMESTAMP '31-12-14 13:00:00',1,TIMESTAMP '31-12-14 14:00:00',8);

insert into LIBRARY_HOUR (DAY_OF_WEEK, FROM_TIME, HOUR_SET_ID, TO_TIME, ID) values (1,TIMESTAMP '31-12-14 07:00:00',2,TIMESTAMP '31-12-14 17:00:00',9);
insert into LIBRARY_HOUR (DAY_OF_WEEK, FROM_TIME, HOUR_SET_ID, TO_TIME, ID) values (2,TIMESTAMP '31-12-14 07:00:00',2,TIMESTAMP '31-12-14 17:00:00',10);
insert into LIBRARY_HOUR (DAY_OF_WEEK, FROM_TIME, HOUR_SET_ID, TO_TIME, ID) values (3,TIMESTAMP '31-12-14 07:00:00',2,TIMESTAMP '31-12-14 17:00:00',11);
insert into LIBRARY_HOUR (DAY_OF_WEEK, FROM_TIME, HOUR_SET_ID, TO_TIME, ID) values (4,TIMESTAMP '31-12-14 07:00:00',2,TIMESTAMP '31-12-14 17:00:00',12);
insert into LIBRARY_HOUR (DAY_OF_WEEK, FROM_TIME, HOUR_SET_ID, TO_TIME, ID) values (5,TIMESTAMP '31-12-14 07:00:00',2,TIMESTAMP '31-12-14 17:00:00',13);
insert into LIBRARY_HOUR (DAY_OF_WEEK, FROM_TIME, HOUR_SET_ID, TO_TIME, ID) values (6,TIMESTAMP '31-12-14 07:00:00',2,TIMESTAMP '31-12-14 17:00:00',14);
insert into LIBRARY_HOUR (DAY_OF_WEEK, FROM_TIME, HOUR_SET_ID, TO_TIME, ID) values (7,TIMESTAMP '31-12-14 07:00:00',2,TIMESTAMP '31-12-14 17:00:00',15);
insert into LIBRARY_HOUR (DAY_OF_WEEK, FROM_TIME, HOUR_SET_ID, TO_TIME, ID) values (8,TIMESTAMP '31-12-14 07:00:00',2,TIMESTAMP '31-12-14 17:00:00',16);

insert into LIBRARY_HOUR (DAY_OF_WEEK, FROM_TIME, HOUR_SET_ID, TO_TIME, ID) values (1,TIMESTAMP '31-12-14 13:00:00',3,TIMESTAMP '31-12-14 14:00:00',17);
insert into LIBRARY_HOUR (DAY_OF_WEEK, FROM_TIME, HOUR_SET_ID, TO_TIME, ID) values (2,TIMESTAMP '31-12-14 13:00:00',3,TIMESTAMP '31-12-14 14:00:00',18);
insert into LIBRARY_HOUR (DAY_OF_WEEK, FROM_TIME, HOUR_SET_ID, TO_TIME, ID) values (3,TIMESTAMP '31-12-14 13:00:00',3,TIMESTAMP '31-12-14 14:00:00',19);
insert into LIBRARY_HOUR (DAY_OF_WEEK, FROM_TIME, HOUR_SET_ID, TO_TIME, ID) values (4,TIMESTAMP '31-12-14 13:00:00',3,TIMESTAMP '31-12-14 14:00:00',20);
insert into LIBRARY_HOUR (DAY_OF_WEEK, FROM_TIME, HOUR_SET_ID, TO_TIME, ID) values (5,TIMESTAMP '31-12-14 13:00:00',3,TIMESTAMP '31-12-14 14:00:00',21);
insert into LIBRARY_HOUR (DAY_OF_WEEK, FROM_TIME, HOUR_SET_ID, TO_TIME, ID) values (6,TIMESTAMP '31-12-14 13:00:00',3,TIMESTAMP '31-12-14 14:00:00',22);
insert into LIBRARY_HOUR (DAY_OF_WEEK, FROM_TIME, HOUR_SET_ID, TO_TIME, ID) values (7,TIMESTAMP '31-12-14 13:00:00',3,TIMESTAMP '31-12-14 14:00:00',23);
insert into LIBRARY_HOUR (DAY_OF_WEEK, FROM_TIME, HOUR_SET_ID, TO_TIME, ID) values (8,TIMESTAMP '31-12-14 13:00:00',3,TIMESTAMP '31-12-14 14:00:00',24);

insert into LIBRARY_HOUR (DAY_OF_WEEK, FROM_TIME, HOUR_SET_ID, TO_TIME, ID) values (1,TIMESTAMP '31-12-14 07:00:01',4,TIMESTAMP '31-12-14 17:00:01',25);
insert into LIBRARY_HOUR (DAY_OF_WEEK, FROM_TIME, HOUR_SET_ID, TO_TIME, ID) values (2,TIMESTAMP '31-12-14 07:00:01',4,TIMESTAMP '31-12-14 17:00:01',26);
insert into LIBRARY_HOUR (DAY_OF_WEEK, FROM_TIME, HOUR_SET_ID, TO_TIME, ID) values (3,TIMESTAMP '31-12-14 07:00:01',4,TIMESTAMP '31-12-14 17:00:01',27);
insert into LIBRARY_HOUR (DAY_OF_WEEK, FROM_TIME, HOUR_SET_ID, TO_TIME, ID) values (4,TIMESTAMP '31-12-14 07:00:01',4,TIMESTAMP '31-12-14 17:00:01',28);
insert into LIBRARY_HOUR (DAY_OF_WEEK, FROM_TIME, HOUR_SET_ID, TO_TIME, ID) values (5,TIMESTAMP '31-12-14 07:00:01',4,TIMESTAMP '31-12-14 17:00:01',29);
insert into LIBRARY_HOUR (DAY_OF_WEEK, FROM_TIME, HOUR_SET_ID, TO_TIME, ID) values (6,TIMESTAMP '31-12-14 07:00:01',4,TIMESTAMP '31-12-14 17:00:01',30);
insert into LIBRARY_HOUR (DAY_OF_WEEK, FROM_TIME, HOUR_SET_ID, TO_TIME, ID) values (7,TIMESTAMP '31-12-14 07:00:01',4,TIMESTAMP '31-12-14 17:00:01',31);
insert into LIBRARY_HOUR (DAY_OF_WEEK, FROM_TIME, HOUR_SET_ID, TO_TIME, ID) values (8,TIMESTAMP '31-12-14 07:00:01',4,TIMESTAMP '31-12-14 17:00:01',32);

insert into LIBRARY_HOUR (DAY_OF_WEEK, FROM_TIME, HOUR_SET_ID, TO_TIME, ID) values (1,TIMESTAMP '31-12-14 13:00:00',5,TIMESTAMP '31-12-14 14:00:00',33);
insert into LIBRARY_HOUR (DAY_OF_WEEK, FROM_TIME, HOUR_SET_ID, TO_TIME, ID) values (2,TIMESTAMP '31-12-14 13:00:00',5,TIMESTAMP '31-12-14 14:00:00',34);
insert into LIBRARY_HOUR (DAY_OF_WEEK, FROM_TIME, HOUR_SET_ID, TO_TIME, ID) values (3,TIMESTAMP '31-12-14 13:00:00',5,TIMESTAMP '31-12-14 14:00:00',35);
insert into LIBRARY_HOUR (DAY_OF_WEEK, FROM_TIME, HOUR_SET_ID, TO_TIME, ID) values (4,TIMESTAMP '31-12-14 13:00:00',5,TIMESTAMP '31-12-14 14:00:00',36);
insert into LIBRARY_HOUR (DAY_OF_WEEK, FROM_TIME, HOUR_SET_ID, TO_TIME, ID) values (5,TIMESTAMP '31-12-14 13:00:00',5,TIMESTAMP '31-12-14 14:00:00',37);
insert into LIBRARY_HOUR (DAY_OF_WEEK, FROM_TIME, HOUR_SET_ID, TO_TIME, ID) values (6,TIMESTAMP '31-12-14 13:00:00',5,TIMESTAMP '31-12-14 14:00:00',38);
insert into LIBRARY_HOUR (DAY_OF_WEEK, FROM_TIME, HOUR_SET_ID, TO_TIME, ID) values (7,TIMESTAMP '31-12-14 13:00:00',5,TIMESTAMP '31-12-14 14:00:00',39);
insert into LIBRARY_HOUR (DAY_OF_WEEK, FROM_TIME, HOUR_SET_ID, TO_TIME, ID) values (8,TIMESTAMP '31-12-14 13:00:00',5,TIMESTAMP '31-12-14 14:00:00',40);

insert into LIBRARY_HOUR (DAY_OF_WEEK, FROM_TIME, HOUR_SET_ID, TO_TIME, ID) values (1,TIMESTAMP '31-12-14 07:00:01',6,TIMESTAMP '31-12-14 17:00:01',41);
insert into LIBRARY_HOUR (DAY_OF_WEEK, FROM_TIME, HOUR_SET_ID, TO_TIME, ID) values (2,TIMESTAMP '31-12-14 07:00:01',6,TIMESTAMP '31-12-14 17:00:01',42);
insert into LIBRARY_HOUR (DAY_OF_WEEK, FROM_TIME, HOUR_SET_ID, TO_TIME, ID) values (3,TIMESTAMP '31-12-14 07:00:01',6,TIMESTAMP '31-12-14 17:00:01',43);
insert into LIBRARY_HOUR (DAY_OF_WEEK, FROM_TIME, HOUR_SET_ID, TO_TIME, ID) values (4,TIMESTAMP '31-12-14 07:00:01',6,TIMESTAMP '31-12-14 17:00:01',44);
insert into LIBRARY_HOUR (DAY_OF_WEEK, FROM_TIME, HOUR_SET_ID, TO_TIME, ID) values (5,TIMESTAMP '31-12-14 07:00:01',6,TIMESTAMP '31-12-14 17:00:01',45);
insert into LIBRARY_HOUR (DAY_OF_WEEK, FROM_TIME, HOUR_SET_ID, TO_TIME, ID) values (6,TIMESTAMP '31-12-14 07:00:01',6,TIMESTAMP '31-12-14 17:00:01',46);
insert into LIBRARY_HOUR (DAY_OF_WEEK, FROM_TIME, HOUR_SET_ID, TO_TIME, ID) values (7,TIMESTAMP '31-12-14 07:00:01',6,TIMESTAMP '31-12-14 17:00:01',47);
insert into LIBRARY_HOUR (DAY_OF_WEEK, FROM_TIME, HOUR_SET_ID, TO_TIME, ID) values (8,TIMESTAMP '31-12-14 07:00:01',6,TIMESTAMP '31-12-14 17:00:01',48);

insert into LIBRARY_HOUR (DAY_OF_WEEK, FROM_TIME, HOUR_SET_ID, TO_TIME, ID) values (1,TIMESTAMP '31-12-14 13:00:00',7,TIMESTAMP '31-12-14 14:00:00',49);
insert into LIBRARY_HOUR (DAY_OF_WEEK, FROM_TIME, HOUR_SET_ID, TO_TIME, ID) values (2,TIMESTAMP '31-12-14 13:00:00',7,TIMESTAMP '31-12-14 14:00:00',50);
insert into LIBRARY_HOUR (DAY_OF_WEEK, FROM_TIME, HOUR_SET_ID, TO_TIME, ID) values (3,TIMESTAMP '31-12-14 13:00:00',7,TIMESTAMP '31-12-14 14:00:00',51);
insert into LIBRARY_HOUR (DAY_OF_WEEK, FROM_TIME, HOUR_SET_ID, TO_TIME, ID) values (4,TIMESTAMP '31-12-14 13:00:00',7,TIMESTAMP '31-12-14 14:00:00',52);
insert into LIBRARY_HOUR (DAY_OF_WEEK, FROM_TIME, HOUR_SET_ID, TO_TIME, ID) values (5,TIMESTAMP '31-12-14 13:00:00',7,TIMESTAMP '31-12-14 14:00:00',53);
insert into LIBRARY_HOUR (DAY_OF_WEEK, FROM_TIME, HOUR_SET_ID, TO_TIME, ID) values (6,TIMESTAMP '31-12-14 13:00:00',7,TIMESTAMP '31-12-14 14:00:00',54);
insert into LIBRARY_HOUR (DAY_OF_WEEK, FROM_TIME, HOUR_SET_ID, TO_TIME, ID) values (7,TIMESTAMP '31-12-14 13:00:00',7,TIMESTAMP '31-12-14 14:00:00',55);
insert into LIBRARY_HOUR (DAY_OF_WEEK, FROM_TIME, HOUR_SET_ID, TO_TIME, ID) values (8,TIMESTAMP '31-12-14 13:00:00',7,TIMESTAMP '31-12-14 14:00:00',56);

insert into LIBRARY_HOUR (DAY_OF_WEEK, FROM_TIME, HOUR_SET_ID, TO_TIME, ID) values (1,TIMESTAMP '31-12-14 07:00:01',8,TIMESTAMP '31-12-14 17:00:01',57);
insert into LIBRARY_HOUR (DAY_OF_WEEK, FROM_TIME, HOUR_SET_ID, TO_TIME, ID) values (2,TIMESTAMP '31-12-14 07:00:01',8,TIMESTAMP '31-12-14 17:00:01',58);
insert into LIBRARY_HOUR (DAY_OF_WEEK, FROM_TIME, HOUR_SET_ID, TO_TIME, ID) values (3,TIMESTAMP '31-12-14 07:00:01',8,TIMESTAMP '31-12-14 17:00:01',59);
insert into LIBRARY_HOUR (DAY_OF_WEEK, FROM_TIME, HOUR_SET_ID, TO_TIME, ID) values (4,TIMESTAMP '31-12-14 07:00:01',8,TIMESTAMP '31-12-14 17:00:01',60);
insert into LIBRARY_HOUR (DAY_OF_WEEK, FROM_TIME, HOUR_SET_ID, TO_TIME, ID) values (5,TIMESTAMP '31-12-14 07:00:01',8,TIMESTAMP '31-12-14 17:00:01',61);
insert into LIBRARY_HOUR (DAY_OF_WEEK, FROM_TIME, HOUR_SET_ID, TO_TIME, ID) values (6,TIMESTAMP '31-12-14 07:00:01',8,TIMESTAMP '31-12-14 17:00:01',62);
insert into LIBRARY_HOUR (DAY_OF_WEEK, FROM_TIME, HOUR_SET_ID, TO_TIME, ID) values (7,TIMESTAMP '31-12-14 07:00:01',8,TIMESTAMP '31-12-14 17:00:01',63);
insert into LIBRARY_HOUR (DAY_OF_WEEK, FROM_TIME, HOUR_SET_ID, TO_TIME, ID) values (8,TIMESTAMP '31-12-14 07:00:01',8,TIMESTAMP '31-12-14 17:00:01',64);

insert into LIBRARY_HOUR (DAY_OF_WEEK, FROM_TIME, HOUR_SET_ID, TO_TIME, ID) values (1,TIMESTAMP '31-12-14 13:00:00',9,TIMESTAMP '31-12-14 14:00:00',65);
insert into LIBRARY_HOUR (DAY_OF_WEEK, FROM_TIME, HOUR_SET_ID, TO_TIME, ID) values (2,TIMESTAMP '31-12-14 13:00:00',9,TIMESTAMP '31-12-14 14:00:00',66);
insert into LIBRARY_HOUR (DAY_OF_WEEK, FROM_TIME, HOUR_SET_ID, TO_TIME, ID) values (3,TIMESTAMP '31-12-14 13:00:00',9,TIMESTAMP '31-12-14 14:00:00',67);
insert into LIBRARY_HOUR (DAY_OF_WEEK, FROM_TIME, HOUR_SET_ID, TO_TIME, ID) values (4,TIMESTAMP '31-12-14 13:00:00',9,TIMESTAMP '31-12-14 14:00:00',68);
insert into LIBRARY_HOUR (DAY_OF_WEEK, FROM_TIME, HOUR_SET_ID, TO_TIME, ID) values (5,TIMESTAMP '31-12-14 13:00:00',9,TIMESTAMP '31-12-14 14:00:00',69);
insert into LIBRARY_HOUR (DAY_OF_WEEK, FROM_TIME, HOUR_SET_ID, TO_TIME, ID) values (6,TIMESTAMP '31-12-14 13:00:00',9,TIMESTAMP '31-12-14 14:00:00',70);
insert into LIBRARY_HOUR (DAY_OF_WEEK, FROM_TIME, HOUR_SET_ID, TO_TIME, ID) values (7,TIMESTAMP '31-12-14 13:00:00',9,TIMESTAMP '31-12-14 14:00:00',71);
insert into LIBRARY_HOUR (DAY_OF_WEEK, FROM_TIME, HOUR_SET_ID, TO_TIME, ID) values (8,TIMESTAMP '31-12-14 13:00:00',9,TIMESTAMP '31-12-14 14:00:00',72);

insert into LIBRARY_HOUR (DAY_OF_WEEK, FROM_TIME, HOUR_SET_ID, TO_TIME, ID) values (1,TIMESTAMP '31-12-14 07:00:01',10,TIMESTAMP '31-12-14 17:00:01',73);
insert into LIBRARY_HOUR (DAY_OF_WEEK, FROM_TIME, HOUR_SET_ID, TO_TIME, ID) values (2,TIMESTAMP '31-12-14 07:00:01',10,TIMESTAMP '31-12-14 17:00:01',74);
insert into LIBRARY_HOUR (DAY_OF_WEEK, FROM_TIME, HOUR_SET_ID, TO_TIME, ID) values (3,TIMESTAMP '31-12-14 07:00:01',10,TIMESTAMP '31-12-14 17:00:01',75);
insert into LIBRARY_HOUR (DAY_OF_WEEK, FROM_TIME, HOUR_SET_ID, TO_TIME, ID) values (4,TIMESTAMP '31-12-14 07:00:01',10,TIMESTAMP '31-12-14 17:00:01',76);
insert into LIBRARY_HOUR (DAY_OF_WEEK, FROM_TIME, HOUR_SET_ID, TO_TIME, ID) values (5,TIMESTAMP '31-12-14 07:00:01',10,TIMESTAMP '31-12-14 17:00:01',77);
insert into LIBRARY_HOUR (DAY_OF_WEEK, FROM_TIME, HOUR_SET_ID, TO_TIME, ID) values (6,TIMESTAMP '31-12-14 07:00:01',10,TIMESTAMP '31-12-14 17:00:01',78);
insert into LIBRARY_HOUR (DAY_OF_WEEK, FROM_TIME, HOUR_SET_ID, TO_TIME, ID) values (7,TIMESTAMP '31-12-14 07:00:01',10,TIMESTAMP '31-12-14 17:00:01',79);
insert into LIBRARY_HOUR (DAY_OF_WEEK, FROM_TIME, HOUR_SET_ID, TO_TIME, ID) values (8,TIMESTAMP '31-12-14 07:00:01',10,TIMESTAMP '31-12-14 17:00:01',80);


insert into LIBRARY_HOUR (DAY_OF_WEEK, FROM_TIME, HOUR_SET_ID, TO_TIME, ID) values (1,TIMESTAMP '31-12-14 13:00:00',11,TIMESTAMP '31-12-14 14:00:00',81);
insert into LIBRARY_HOUR (DAY_OF_WEEK, FROM_TIME, HOUR_SET_ID, TO_TIME, ID) values (2,TIMESTAMP '31-12-14 13:00:00',11,TIMESTAMP '31-12-14 14:00:00',82);
insert into LIBRARY_HOUR (DAY_OF_WEEK, FROM_TIME, HOUR_SET_ID, TO_TIME, ID) values (3,TIMESTAMP '31-12-14 13:00:00',11,TIMESTAMP '31-12-14 14:00:00',83);
insert into LIBRARY_HOUR (DAY_OF_WEEK, FROM_TIME, HOUR_SET_ID, TO_TIME, ID) values (4,TIMESTAMP '31-12-14 13:00:00',11,TIMESTAMP '31-12-14 14:00:00',84);
insert into LIBRARY_HOUR (DAY_OF_WEEK, FROM_TIME, HOUR_SET_ID, TO_TIME, ID) values (5,TIMESTAMP '31-12-14 13:00:00',11,TIMESTAMP '31-12-14 14:00:00',85);
insert into LIBRARY_HOUR (DAY_OF_WEEK, FROM_TIME, HOUR_SET_ID, TO_TIME, ID) values (6,TIMESTAMP '31-12-14 13:00:00',11,TIMESTAMP '31-12-14 14:00:00',86);
insert into LIBRARY_HOUR (DAY_OF_WEEK, FROM_TIME, HOUR_SET_ID, TO_TIME, ID) values (7,TIMESTAMP '31-12-14 13:00:00',11,TIMESTAMP '31-12-14 14:00:00',87);
insert into LIBRARY_HOUR (DAY_OF_WEEK, FROM_TIME, HOUR_SET_ID, TO_TIME, ID) values (8,TIMESTAMP '31-12-14 13:00:00',11,TIMESTAMP '31-12-14 14:00:00',88);

insert into LIBRARY_HOUR (DAY_OF_WEEK, FROM_TIME, HOUR_SET_ID, TO_TIME, ID) values (1,TIMESTAMP '31-12-14 07:00:01',12,TIMESTAMP '31-12-14 17:00:01',89);
insert into LIBRARY_HOUR (DAY_OF_WEEK, FROM_TIME, HOUR_SET_ID, TO_TIME, ID) values (2,TIMESTAMP '31-12-14 07:00:01',12,TIMESTAMP '31-12-14 17:00:01',90);
insert into LIBRARY_HOUR (DAY_OF_WEEK, FROM_TIME, HOUR_SET_ID, TO_TIME, ID) values (3,TIMESTAMP '31-12-14 07:00:01',12,TIMESTAMP '31-12-14 17:00:01',91);
insert into LIBRARY_HOUR (DAY_OF_WEEK, FROM_TIME, HOUR_SET_ID, TO_TIME, ID) values (4,TIMESTAMP '31-12-14 07:00:01',12,TIMESTAMP '31-12-14 17:00:01',92);
insert into LIBRARY_HOUR (DAY_OF_WEEK, FROM_TIME, HOUR_SET_ID, TO_TIME, ID) values (5,TIMESTAMP '31-12-14 07:00:01',12,TIMESTAMP '31-12-14 17:00:01',93);
insert into LIBRARY_HOUR (DAY_OF_WEEK, FROM_TIME, HOUR_SET_ID, TO_TIME, ID) values (6,TIMESTAMP '31-12-14 07:00:01',12,TIMESTAMP '31-12-14 17:00:01',94);
insert into LIBRARY_HOUR (DAY_OF_WEEK, FROM_TIME, HOUR_SET_ID, TO_TIME, ID) values (7,TIMESTAMP '31-12-14 07:00:01',12,TIMESTAMP '31-12-14 17:00:01',95);
insert into LIBRARY_HOUR (DAY_OF_WEEK, FROM_TIME, HOUR_SET_ID, TO_TIME, ID) values (8,TIMESTAMP '31-12-14 07:00:01',12,TIMESTAMP '31-12-14 17:00:01',96);

insert into LIBRARY_HOUR (DAY_OF_WEEK, FROM_TIME, HOUR_SET_ID, TO_TIME, ID) values (1,TIMESTAMP '31-12-14 13:00:00',13,TIMESTAMP '31-12-14 14:00:00',97);
insert into LIBRARY_HOUR (DAY_OF_WEEK, FROM_TIME, HOUR_SET_ID, TO_TIME, ID) values (2,TIMESTAMP '31-12-14 13:00:00',13,TIMESTAMP '31-12-14 14:00:00',98);
insert into LIBRARY_HOUR (DAY_OF_WEEK, FROM_TIME, HOUR_SET_ID, TO_TIME, ID) values (3,TIMESTAMP '31-12-14 13:00:00',13,TIMESTAMP '31-12-14 14:00:00',99);
insert into LIBRARY_HOUR (DAY_OF_WEEK, FROM_TIME, HOUR_SET_ID, TO_TIME, ID) values (4,TIMESTAMP '31-12-14 13:00:00',13,TIMESTAMP '31-12-14 14:00:00',100);
insert into LIBRARY_HOUR (DAY_OF_WEEK, FROM_TIME, HOUR_SET_ID, TO_TIME, ID) values (5,TIMESTAMP '31-12-14 13:00:00',13,TIMESTAMP '31-12-14 14:00:00',101);
insert into LIBRARY_HOUR (DAY_OF_WEEK, FROM_TIME, HOUR_SET_ID, TO_TIME, ID) values (6,TIMESTAMP '31-12-14 13:00:00',13,TIMESTAMP '31-12-14 14:00:00',102);
insert into LIBRARY_HOUR (DAY_OF_WEEK, FROM_TIME, HOUR_SET_ID, TO_TIME, ID) values (7,TIMESTAMP '31-12-14 13:00:00',13,TIMESTAMP '31-12-14 14:00:00',103);
insert into LIBRARY_HOUR (DAY_OF_WEEK, FROM_TIME, HOUR_SET_ID, TO_TIME, ID) values (8,TIMESTAMP '31-12-14 13:00:00',13,TIMESTAMP '31-12-14 14:00:00',104);

insert into LIBRARY_HOUR (DAY_OF_WEEK, FROM_TIME, HOUR_SET_ID, TO_TIME, ID) values (1,TIMESTAMP '31-12-14 07:00:01',14,TIMESTAMP '31-12-14 17:00:01',105);
insert into LIBRARY_HOUR (DAY_OF_WEEK, FROM_TIME, HOUR_SET_ID, TO_TIME, ID) values (2,TIMESTAMP '31-12-14 07:00:01',14,TIMESTAMP '31-12-14 17:00:01',106);
insert into LIBRARY_HOUR (DAY_OF_WEEK, FROM_TIME, HOUR_SET_ID, TO_TIME, ID) values (3,TIMESTAMP '31-12-14 07:00:01',14,TIMESTAMP '31-12-14 17:00:01',107);
insert into LIBRARY_HOUR (DAY_OF_WEEK, FROM_TIME, HOUR_SET_ID, TO_TIME, ID) values (4,TIMESTAMP '31-12-14 07:00:01',14,TIMESTAMP '31-12-14 17:00:01',108);
insert into LIBRARY_HOUR (DAY_OF_WEEK, FROM_TIME, HOUR_SET_ID, TO_TIME, ID) values (5,TIMESTAMP '31-12-14 07:00:01',14,TIMESTAMP '31-12-14 17:00:01',109);
insert into LIBRARY_HOUR (DAY_OF_WEEK, FROM_TIME, HOUR_SET_ID, TO_TIME, ID) values (6,TIMESTAMP '31-12-14 07:00:01',14,TIMESTAMP '31-12-14 17:00:01',110);
insert into LIBRARY_HOUR (DAY_OF_WEEK, FROM_TIME, HOUR_SET_ID, TO_TIME, ID) values (7,TIMESTAMP '31-12-14 07:00:01',14,TIMESTAMP '31-12-14 17:00:01',111);
insert into LIBRARY_HOUR (DAY_OF_WEEK, FROM_TIME, HOUR_SET_ID, TO_TIME, ID) values (8,TIMESTAMP '31-12-14 07:00:01',14,TIMESTAMP '31-12-14 17:00:01',112);

insert into LIBRARY_HOUR (DAY_OF_WEEK, FROM_TIME, HOUR_SET_ID, TO_TIME, ID) values (1,TIMESTAMP '31-12-14 13:00:00',15,TIMESTAMP '31-12-14 14:00:00',113);
insert into LIBRARY_HOUR (DAY_OF_WEEK, FROM_TIME, HOUR_SET_ID, TO_TIME, ID) values (2,TIMESTAMP '31-12-14 13:00:00',15,TIMESTAMP '31-12-14 14:00:00',114);
insert into LIBRARY_HOUR (DAY_OF_WEEK, FROM_TIME, HOUR_SET_ID, TO_TIME, ID) values (3,TIMESTAMP '31-12-14 13:00:00',15,TIMESTAMP '31-12-14 14:00:00',115);
insert into LIBRARY_HOUR (DAY_OF_WEEK, FROM_TIME, HOUR_SET_ID, TO_TIME, ID) values (4,TIMESTAMP '31-12-14 13:00:00',15,TIMESTAMP '31-12-14 14:00:00',116);
insert into LIBRARY_HOUR (DAY_OF_WEEK, FROM_TIME, HOUR_SET_ID, TO_TIME, ID) values (5,TIMESTAMP '31-12-14 13:00:00',15,TIMESTAMP '31-12-14 14:00:00',117);
insert into LIBRARY_HOUR (DAY_OF_WEEK, FROM_TIME, HOUR_SET_ID, TO_TIME, ID) values (6,TIMESTAMP '31-12-14 13:00:00',15,TIMESTAMP '31-12-14 14:00:00',118);
insert into LIBRARY_HOUR (DAY_OF_WEEK, FROM_TIME, HOUR_SET_ID, TO_TIME, ID) values (7,TIMESTAMP '31-12-14 13:00:00',15,TIMESTAMP '31-12-14 14:00:00',119);
insert into LIBRARY_HOUR (DAY_OF_WEEK, FROM_TIME, HOUR_SET_ID, TO_TIME, ID) values (8,TIMESTAMP '31-12-14 13:00:00',15,TIMESTAMP '31-12-14 14:00:00',120);

insert into LIBRARY_HOUR (DAY_OF_WEEK, FROM_TIME, HOUR_SET_ID, TO_TIME, ID) values (1,TIMESTAMP '31-12-14 07:00:01',16,TIMESTAMP '31-12-14 17:00:01',121);
insert into LIBRARY_HOUR (DAY_OF_WEEK, FROM_TIME, HOUR_SET_ID, TO_TIME, ID) values (2,TIMESTAMP '31-12-14 07:00:01',16,TIMESTAMP '31-12-14 17:00:01',122);
insert into LIBRARY_HOUR (DAY_OF_WEEK, FROM_TIME, HOUR_SET_ID, TO_TIME, ID) values (3,TIMESTAMP '31-12-14 07:00:01',16,TIMESTAMP '31-12-14 17:00:01',123);
insert into LIBRARY_HOUR (DAY_OF_WEEK, FROM_TIME, HOUR_SET_ID, TO_TIME, ID) values (4,TIMESTAMP '31-12-14 07:00:01',16,TIMESTAMP '31-12-14 17:00:01',124);
insert into LIBRARY_HOUR (DAY_OF_WEEK, FROM_TIME, HOUR_SET_ID, TO_TIME, ID) values (5,TIMESTAMP '31-12-14 07:00:01',16,TIMESTAMP '31-12-14 17:00:01',125);
insert into LIBRARY_HOUR (DAY_OF_WEEK, FROM_TIME, HOUR_SET_ID, TO_TIME, ID) values (6,TIMESTAMP '31-12-14 07:00:01',16,TIMESTAMP '31-12-14 17:00:01',126);
insert into LIBRARY_HOUR (DAY_OF_WEEK, FROM_TIME, HOUR_SET_ID, TO_TIME, ID) values (7,TIMESTAMP '31-12-14 07:00:01',16,TIMESTAMP '31-12-14 17:00:01',127);
insert into LIBRARY_HOUR (DAY_OF_WEEK, FROM_TIME, HOUR_SET_ID, TO_TIME, ID) values (8,TIMESTAMP '31-12-14 07:00:01',16,TIMESTAMP '31-12-14 17:00:01',128);

insert into LIBRARY_HOUR (DAY_OF_WEEK, FROM_TIME, HOUR_SET_ID, TO_TIME, ID) values (1,TIMESTAMP '31-12-14 13:00:00',17,TIMESTAMP '31-12-14 14:00:00',129);
insert into LIBRARY_HOUR (DAY_OF_WEEK, FROM_TIME, HOUR_SET_ID, TO_TIME, ID) values (2,TIMESTAMP '31-12-14 13:00:00',17,TIMESTAMP '31-12-14 14:00:00',130);
insert into LIBRARY_HOUR (DAY_OF_WEEK, FROM_TIME, HOUR_SET_ID, TO_TIME, ID) values (3,TIMESTAMP '31-12-14 13:00:00',17,TIMESTAMP '31-12-14 14:00:00',131);
insert into LIBRARY_HOUR (DAY_OF_WEEK, FROM_TIME, HOUR_SET_ID, TO_TIME, ID) values (4,TIMESTAMP '31-12-14 13:00:00',17,TIMESTAMP '31-12-14 14:00:00',132);
insert into LIBRARY_HOUR (DAY_OF_WEEK, FROM_TIME, HOUR_SET_ID, TO_TIME, ID) values (5,TIMESTAMP '31-12-14 13:00:00',17,TIMESTAMP '31-12-14 14:00:00',133);
insert into LIBRARY_HOUR (DAY_OF_WEEK, FROM_TIME, HOUR_SET_ID, TO_TIME, ID) values (6,TIMESTAMP '31-12-14 13:00:00',17,TIMESTAMP '31-12-14 14:00:00',134);
insert into LIBRARY_HOUR (DAY_OF_WEEK, FROM_TIME, HOUR_SET_ID, TO_TIME, ID) values (7,TIMESTAMP '31-12-14 13:00:00',17,TIMESTAMP '31-12-14 14:00:00',135);
insert into LIBRARY_HOUR (DAY_OF_WEEK, FROM_TIME, HOUR_SET_ID, TO_TIME, ID) values (8,TIMESTAMP '31-12-14 13:00:00',17,TIMESTAMP '31-12-14 14:00:00',136);

insert into LIBRARY_HOUR (DAY_OF_WEEK, FROM_TIME, HOUR_SET_ID, TO_TIME, ID) values (1,TIMESTAMP '31-12-14 07:00:01',18,TIMESTAMP '31-12-14 17:00:01',137);
insert into LIBRARY_HOUR (DAY_OF_WEEK, FROM_TIME, HOUR_SET_ID, TO_TIME, ID) values (2,TIMESTAMP '31-12-14 07:00:01',18,TIMESTAMP '31-12-14 17:00:01',138);
insert into LIBRARY_HOUR (DAY_OF_WEEK, FROM_TIME, HOUR_SET_ID, TO_TIME, ID) values (3,TIMESTAMP '31-12-14 07:00:01',18,TIMESTAMP '31-12-14 17:00:01',139);
insert into LIBRARY_HOUR (DAY_OF_WEEK, FROM_TIME, HOUR_SET_ID, TO_TIME, ID) values (4,TIMESTAMP '31-12-14 07:00:01',18,TIMESTAMP '31-12-14 17:00:01',140);
insert into LIBRARY_HOUR (DAY_OF_WEEK, FROM_TIME, HOUR_SET_ID, TO_TIME, ID) values (5,TIMESTAMP '31-12-14 07:00:01',18,TIMESTAMP '31-12-14 17:00:01',141);
insert into LIBRARY_HOUR (DAY_OF_WEEK, FROM_TIME, HOUR_SET_ID, TO_TIME, ID) values (6,TIMESTAMP '31-12-14 07:00:01',18,TIMESTAMP '31-12-14 17:00:01',142);
insert into LIBRARY_HOUR (DAY_OF_WEEK, FROM_TIME, HOUR_SET_ID, TO_TIME, ID) values (7,TIMESTAMP '31-12-14 07:00:01',18,TIMESTAMP '31-12-14 17:00:01',143);
insert into LIBRARY_HOUR (DAY_OF_WEEK, FROM_TIME, HOUR_SET_ID, TO_TIME, ID) values (8,TIMESTAMP '31-12-14 07:00:01',18,TIMESTAMP '31-12-14 17:00:01',144);

insert into LIBRARY_HOUR (DAY_OF_WEEK, FROM_TIME, HOUR_SET_ID, TO_TIME, ID) values (1,TIMESTAMP '31-12-14 13:00:00',19,TIMESTAMP '31-12-14 14:00:00',145);
insert into LIBRARY_HOUR (DAY_OF_WEEK, FROM_TIME, HOUR_SET_ID, TO_TIME, ID) values (2,TIMESTAMP '31-12-14 13:00:00',19,TIMESTAMP '31-12-14 14:00:00',146);
insert into LIBRARY_HOUR (DAY_OF_WEEK, FROM_TIME, HOUR_SET_ID, TO_TIME, ID) values (3,TIMESTAMP '31-12-14 13:00:00',19,TIMESTAMP '31-12-14 14:00:00',147);
insert into LIBRARY_HOUR (DAY_OF_WEEK, FROM_TIME, HOUR_SET_ID, TO_TIME, ID) values (4,TIMESTAMP '31-12-14 13:00:00',19,TIMESTAMP '31-12-14 14:00:00',148);
insert into LIBRARY_HOUR (DAY_OF_WEEK, FROM_TIME, HOUR_SET_ID, TO_TIME, ID) values (5,TIMESTAMP '31-12-14 13:00:00',19,TIMESTAMP '31-12-14 14:00:00',149);
insert into LIBRARY_HOUR (DAY_OF_WEEK, FROM_TIME, HOUR_SET_ID, TO_TIME, ID) values (6,TIMESTAMP '31-12-14 13:00:00',19,TIMESTAMP '31-12-14 14:00:00',150);
insert into LIBRARY_HOUR (DAY_OF_WEEK, FROM_TIME, HOUR_SET_ID, TO_TIME, ID) values (7,TIMESTAMP '31-12-14 13:00:00',19,TIMESTAMP '31-12-14 14:00:00',151);
insert into LIBRARY_HOUR (DAY_OF_WEEK, FROM_TIME, HOUR_SET_ID, TO_TIME, ID) values (8,TIMESTAMP '31-12-14 13:00:00',19,TIMESTAMP '31-12-14 14:00:00',152);

insert into LIBRARY_HOUR (DAY_OF_WEEK, FROM_TIME, HOUR_SET_ID, TO_TIME, ID) values (1,TIMESTAMP '31-12-14 07:00:01',20,TIMESTAMP '31-12-14 17:00:01',153);
insert into LIBRARY_HOUR (DAY_OF_WEEK, FROM_TIME, HOUR_SET_ID, TO_TIME, ID) values (2,TIMESTAMP '31-12-14 07:00:01',20,TIMESTAMP '31-12-14 17:00:01',154);
insert into LIBRARY_HOUR (DAY_OF_WEEK, FROM_TIME, HOUR_SET_ID, TO_TIME, ID) values (3,TIMESTAMP '31-12-14 07:00:01',20,TIMESTAMP '31-12-14 17:00:01',155);
insert into LIBRARY_HOUR (DAY_OF_WEEK, FROM_TIME, HOUR_SET_ID, TO_TIME, ID) values (4,TIMESTAMP '31-12-14 07:00:01',20,TIMESTAMP '31-12-14 17:00:01',156);
insert into LIBRARY_HOUR (DAY_OF_WEEK, FROM_TIME, HOUR_SET_ID, TO_TIME, ID) values (5,TIMESTAMP '31-12-14 07:00:01',20,TIMESTAMP '31-12-14 17:00:01',157);
insert into LIBRARY_HOUR (DAY_OF_WEEK, FROM_TIME, HOUR_SET_ID, TO_TIME, ID) values (6,TIMESTAMP '31-12-14 07:00:01',20,TIMESTAMP '31-12-14 17:00:01',158);
insert into LIBRARY_HOUR (DAY_OF_WEEK, FROM_TIME, HOUR_SET_ID, TO_TIME, ID) values (7,TIMESTAMP '31-12-14 07:00:01',20,TIMESTAMP '31-12-14 17:00:01',159);
insert into LIBRARY_HOUR (DAY_OF_WEEK, FROM_TIME, HOUR_SET_ID, TO_TIME, ID) values (8,TIMESTAMP '31-12-14 07:00:01',20,TIMESTAMP '31-12-14 17:00:01',160);

insert into LIBRARY_HOUR (DAY_OF_WEEK, FROM_TIME, HOUR_SET_ID, TO_TIME, ID) values (1,TIMESTAMP '31-12-14 13:00:00',21,TIMESTAMP '31-12-14 14:00:00',161);
insert into LIBRARY_HOUR (DAY_OF_WEEK, FROM_TIME, HOUR_SET_ID, TO_TIME, ID) values (2,TIMESTAMP '31-12-14 13:00:00',21,TIMESTAMP '31-12-14 14:00:00',162);
insert into LIBRARY_HOUR (DAY_OF_WEEK, FROM_TIME, HOUR_SET_ID, TO_TIME, ID) values (3,TIMESTAMP '31-12-14 13:00:00',21,TIMESTAMP '31-12-14 14:00:00',163);
insert into LIBRARY_HOUR (DAY_OF_WEEK, FROM_TIME, HOUR_SET_ID, TO_TIME, ID) values (4,TIMESTAMP '31-12-14 13:00:00',21,TIMESTAMP '31-12-14 14:00:00',164);
insert into LIBRARY_HOUR (DAY_OF_WEEK, FROM_TIME, HOUR_SET_ID, TO_TIME, ID) values (5,TIMESTAMP '31-12-14 13:00:00',21,TIMESTAMP '31-12-14 14:00:00',165);
insert into LIBRARY_HOUR (DAY_OF_WEEK, FROM_TIME, HOUR_SET_ID, TO_TIME, ID) values (6,TIMESTAMP '31-12-14 13:00:00',21,TIMESTAMP '31-12-14 14:00:00',166);
insert into LIBRARY_HOUR (DAY_OF_WEEK, FROM_TIME, HOUR_SET_ID, TO_TIME, ID) values (7,TIMESTAMP '31-12-14 13:00:00',21,TIMESTAMP '31-12-14 14:00:00',167);
insert into LIBRARY_HOUR (DAY_OF_WEEK, FROM_TIME, HOUR_SET_ID, TO_TIME, ID) values (8,TIMESTAMP '31-12-14 13:00:00',21,TIMESTAMP '31-12-14 14:00:00',168);

insert into LIBRARY_HOUR (DAY_OF_WEEK, FROM_TIME, HOUR_SET_ID, TO_TIME, ID) values (1,TIMESTAMP '31-12-14 07:00:01',22,TIMESTAMP '31-12-14 17:00:01',169);
insert into LIBRARY_HOUR (DAY_OF_WEEK, FROM_TIME, HOUR_SET_ID, TO_TIME, ID) values (2,TIMESTAMP '31-12-14 07:00:01',22,TIMESTAMP '31-12-14 17:00:01',170);
insert into LIBRARY_HOUR (DAY_OF_WEEK, FROM_TIME, HOUR_SET_ID, TO_TIME, ID) values (3,TIMESTAMP '31-12-14 07:00:01',22,TIMESTAMP '31-12-14 17:00:01',171);
insert into LIBRARY_HOUR (DAY_OF_WEEK, FROM_TIME, HOUR_SET_ID, TO_TIME, ID) values (4,TIMESTAMP '31-12-14 07:00:01',22,TIMESTAMP '31-12-14 17:00:01',172);
insert into LIBRARY_HOUR (DAY_OF_WEEK, FROM_TIME, HOUR_SET_ID, TO_TIME, ID) values (5,TIMESTAMP '31-12-14 07:00:01',22,TIMESTAMP '31-12-14 17:00:01',173);
insert into LIBRARY_HOUR (DAY_OF_WEEK, FROM_TIME, HOUR_SET_ID, TO_TIME, ID) values (6,TIMESTAMP '31-12-14 07:00:01',22,TIMESTAMP '31-12-14 17:00:01',174);
insert into LIBRARY_HOUR (DAY_OF_WEEK, FROM_TIME, HOUR_SET_ID, TO_TIME, ID) values (7,TIMESTAMP '31-12-14 07:00:01',22,TIMESTAMP '31-12-14 17:00:01',175);
insert into LIBRARY_HOUR (DAY_OF_WEEK, FROM_TIME, HOUR_SET_ID, TO_TIME, ID) values (8,TIMESTAMP '31-12-14 07:00:01',22,TIMESTAMP '31-12-14 17:00:01',176);

insert into LIBRARY_HOUR (DAY_OF_WEEK, FROM_TIME, HOUR_SET_ID, TO_TIME, ID) values (1,TIMESTAMP '31-12-14 13:00:00',23,TIMESTAMP '31-12-14 14:00:00',177);
insert into LIBRARY_HOUR (DAY_OF_WEEK, FROM_TIME, HOUR_SET_ID, TO_TIME, ID) values (2,TIMESTAMP '31-12-14 13:00:00',23,TIMESTAMP '31-12-14 14:00:00',178);
insert into LIBRARY_HOUR (DAY_OF_WEEK, FROM_TIME, HOUR_SET_ID, TO_TIME, ID) values (3,TIMESTAMP '31-12-14 13:00:00',23,TIMESTAMP '31-12-14 14:00:00',179);
insert into LIBRARY_HOUR (DAY_OF_WEEK, FROM_TIME, HOUR_SET_ID, TO_TIME, ID) values (4,TIMESTAMP '31-12-14 13:00:00',23,TIMESTAMP '31-12-14 14:00:00',180);
insert into LIBRARY_HOUR (DAY_OF_WEEK, FROM_TIME, HOUR_SET_ID, TO_TIME, ID) values (5,TIMESTAMP '31-12-14 13:00:00',23,TIMESTAMP '31-12-14 14:00:00',181);
insert into LIBRARY_HOUR (DAY_OF_WEEK, FROM_TIME, HOUR_SET_ID, TO_TIME, ID) values (6,TIMESTAMP '31-12-14 13:00:00',23,TIMESTAMP '31-12-14 14:00:00',182);
insert into LIBRARY_HOUR (DAY_OF_WEEK, FROM_TIME, HOUR_SET_ID, TO_TIME, ID) values (7,TIMESTAMP '31-12-14 13:00:00',23,TIMESTAMP '31-12-14 14:00:00',183);
insert into LIBRARY_HOUR (DAY_OF_WEEK, FROM_TIME, HOUR_SET_ID, TO_TIME, ID) values (8,TIMESTAMP '31-12-14 13:00:00',23,TIMESTAMP '31-12-14 14:00:00',184);

insert into LIBRARY_HOUR (DAY_OF_WEEK, FROM_TIME, HOUR_SET_ID, TO_TIME, ID) values (1,TIMESTAMP '31-12-14 07:00:01',24,TIMESTAMP '31-12-14 17:00:01',185);
insert into LIBRARY_HOUR (DAY_OF_WEEK, FROM_TIME, HOUR_SET_ID, TO_TIME, ID) values (2,TIMESTAMP '31-12-14 07:00:01',24,TIMESTAMP '31-12-14 17:00:01',186);
insert into LIBRARY_HOUR (DAY_OF_WEEK, FROM_TIME, HOUR_SET_ID, TO_TIME, ID) values (3,TIMESTAMP '31-12-14 07:00:01',24,TIMESTAMP '31-12-14 17:00:01',187);
insert into LIBRARY_HOUR (DAY_OF_WEEK, FROM_TIME, HOUR_SET_ID, TO_TIME, ID) values (4,TIMESTAMP '31-12-14 07:00:01',24,TIMESTAMP '31-12-14 17:00:01',188);
insert into LIBRARY_HOUR (DAY_OF_WEEK, FROM_TIME, HOUR_SET_ID, TO_TIME, ID) values (5,TIMESTAMP '31-12-14 07:00:01',24,TIMESTAMP '31-12-14 17:00:01',189);
insert into LIBRARY_HOUR (DAY_OF_WEEK, FROM_TIME, HOUR_SET_ID, TO_TIME, ID) values (6,TIMESTAMP '31-12-14 07:00:01',24,TIMESTAMP '31-12-14 17:00:01',190);
insert into LIBRARY_HOUR (DAY_OF_WEEK, FROM_TIME, HOUR_SET_ID, TO_TIME, ID) values (7,TIMESTAMP '31-12-14 07:00:01',24,TIMESTAMP '31-12-14 17:00:01',191);
insert into LIBRARY_HOUR (DAY_OF_WEEK, FROM_TIME, HOUR_SET_ID, TO_TIME, ID) values (8,TIMESTAMP '31-12-14 07:00:01',24,TIMESTAMP '31-12-14 17:00:01',192);

insert into LIBRARY_HOUR (DAY_OF_WEEK, FROM_TIME, HOUR_SET_ID, TO_TIME, ID) values (1,TIMESTAMP '31-12-14 13:00:00',25,TIMESTAMP '31-12-14 14:00:00',193);
insert into LIBRARY_HOUR (DAY_OF_WEEK, FROM_TIME, HOUR_SET_ID, TO_TIME, ID) values (2,TIMESTAMP '31-12-14 13:00:00',25,TIMESTAMP '31-12-14 14:00:00',194);
insert into LIBRARY_HOUR (DAY_OF_WEEK, FROM_TIME, HOUR_SET_ID, TO_TIME, ID) values (3,TIMESTAMP '31-12-14 13:00:00',25,TIMESTAMP '31-12-14 14:00:00',195);
insert into LIBRARY_HOUR (DAY_OF_WEEK, FROM_TIME, HOUR_SET_ID, TO_TIME, ID) values (4,TIMESTAMP '31-12-14 13:00:00',25,TIMESTAMP '31-12-14 14:00:00',196);
insert into LIBRARY_HOUR (DAY_OF_WEEK, FROM_TIME, HOUR_SET_ID, TO_TIME, ID) values (5,TIMESTAMP '31-12-14 13:00:00',25,TIMESTAMP '31-12-14 14:00:00',197);
insert into LIBRARY_HOUR (DAY_OF_WEEK, FROM_TIME, HOUR_SET_ID, TO_TIME, ID) values (6,TIMESTAMP '31-12-14 13:00:00',25,TIMESTAMP '31-12-14 14:00:00',198);
insert into LIBRARY_HOUR (DAY_OF_WEEK, FROM_TIME, HOUR_SET_ID, TO_TIME, ID) values (7,TIMESTAMP '31-12-14 13:00:00',25,TIMESTAMP '31-12-14 14:00:00',199);
insert into LIBRARY_HOUR (DAY_OF_WEEK, FROM_TIME, HOUR_SET_ID, TO_TIME, ID) values (8,TIMESTAMP '31-12-14 13:00:00',25,TIMESTAMP '31-12-14 14:00:00',200);

insert into LIBRARY_HOUR (DAY_OF_WEEK, FROM_TIME, HOUR_SET_ID, TO_TIME, ID) values (1,TIMESTAMP '31-12-14 07:00:01',26,TIMESTAMP '31-12-14 17:00:01',201);
insert into LIBRARY_HOUR (DAY_OF_WEEK, FROM_TIME, HOUR_SET_ID, TO_TIME, ID) values (2,TIMESTAMP '31-12-14 07:00:01',26,TIMESTAMP '31-12-14 17:00:01',202);
insert into LIBRARY_HOUR (DAY_OF_WEEK, FROM_TIME, HOUR_SET_ID, TO_TIME, ID) values (3,TIMESTAMP '31-12-14 07:00:01',26,TIMESTAMP '31-12-14 17:00:01',203);
insert into LIBRARY_HOUR (DAY_OF_WEEK, FROM_TIME, HOUR_SET_ID, TO_TIME, ID) values (4,TIMESTAMP '31-12-14 07:00:01',26,TIMESTAMP '31-12-14 17:00:01',204);
insert into LIBRARY_HOUR (DAY_OF_WEEK, FROM_TIME, HOUR_SET_ID, TO_TIME, ID) values (5,TIMESTAMP '31-12-14 07:00:01',26,TIMESTAMP '31-12-14 17:00:01',205);
insert into LIBRARY_HOUR (DAY_OF_WEEK, FROM_TIME, HOUR_SET_ID, TO_TIME, ID) values (6,TIMESTAMP '31-12-14 07:00:01',26,TIMESTAMP '31-12-14 17:00:01',206);
insert into LIBRARY_HOUR (DAY_OF_WEEK, FROM_TIME, HOUR_SET_ID, TO_TIME, ID) values (7,TIMESTAMP '31-12-14 07:00:01',26,TIMESTAMP '31-12-14 17:00:01',207);
insert into LIBRARY_HOUR (DAY_OF_WEEK, FROM_TIME, HOUR_SET_ID, TO_TIME, ID) values (8,TIMESTAMP '31-12-14 07:00:01',26,TIMESTAMP '31-12-14 17:00:01',208);

insert into LIBRARY_HOUR (DAY_OF_WEEK, FROM_TIME, HOUR_SET_ID, TO_TIME, ID) values (1,TIMESTAMP '31-12-14 13:00:00',27,TIMESTAMP '31-12-14 14:00:00',209);
insert into LIBRARY_HOUR (DAY_OF_WEEK, FROM_TIME, HOUR_SET_ID, TO_TIME, ID) values (2,TIMESTAMP '31-12-14 13:00:00',27,TIMESTAMP '31-12-14 14:00:00',210);
insert into LIBRARY_HOUR (DAY_OF_WEEK, FROM_TIME, HOUR_SET_ID, TO_TIME, ID) values (3,TIMESTAMP '31-12-14 13:00:00',27,TIMESTAMP '31-12-14 14:00:00',211);
insert into LIBRARY_HOUR (DAY_OF_WEEK, FROM_TIME, HOUR_SET_ID, TO_TIME, ID) values (4,TIMESTAMP '31-12-14 13:00:00',27,TIMESTAMP '31-12-14 14:00:00',212);
insert into LIBRARY_HOUR (DAY_OF_WEEK, FROM_TIME, HOUR_SET_ID, TO_TIME, ID) values (5,TIMESTAMP '31-12-14 13:00:00',27,TIMESTAMP '31-12-14 14:00:00',213);
insert into LIBRARY_HOUR (DAY_OF_WEEK, FROM_TIME, HOUR_SET_ID, TO_TIME, ID) values (6,TIMESTAMP '31-12-14 13:00:00',27,TIMESTAMP '31-12-14 14:00:00',214);
insert into LIBRARY_HOUR (DAY_OF_WEEK, FROM_TIME, HOUR_SET_ID, TO_TIME, ID) values (7,TIMESTAMP '31-12-14 13:00:00',27,TIMESTAMP '31-12-14 14:00:00',215);
insert into LIBRARY_HOUR (DAY_OF_WEEK, FROM_TIME, HOUR_SET_ID, TO_TIME, ID) values (8,TIMESTAMP '31-12-14 13:00:00',27,TIMESTAMP '31-12-14 14:00:00',216);

insert into LIBRARY_HOUR (DAY_OF_WEEK, FROM_TIME, HOUR_SET_ID, TO_TIME, ID) values (1,TIMESTAMP '31-12-14 07:00:01',28,TIMESTAMP '31-12-14 17:00:01',217);
insert into LIBRARY_HOUR (DAY_OF_WEEK, FROM_TIME, HOUR_SET_ID, TO_TIME, ID) values (2,TIMESTAMP '31-12-14 07:00:01',28,TIMESTAMP '31-12-14 17:00:01',218);
insert into LIBRARY_HOUR (DAY_OF_WEEK, FROM_TIME, HOUR_SET_ID, TO_TIME, ID) values (3,TIMESTAMP '31-12-14 07:00:01',28,TIMESTAMP '31-12-14 17:00:01',219);
insert into LIBRARY_HOUR (DAY_OF_WEEK, FROM_TIME, HOUR_SET_ID, TO_TIME, ID) values (4,TIMESTAMP '31-12-14 07:00:01',28,TIMESTAMP '31-12-14 17:00:01',220);
insert into LIBRARY_HOUR (DAY_OF_WEEK, FROM_TIME, HOUR_SET_ID, TO_TIME, ID) values (5,TIMESTAMP '31-12-14 07:00:01',28,TIMESTAMP '31-12-14 17:00:01',221);
insert into LIBRARY_HOUR (DAY_OF_WEEK, FROM_TIME, HOUR_SET_ID, TO_TIME, ID) values (6,TIMESTAMP '31-12-14 07:00:01',28,TIMESTAMP '31-12-14 17:00:01',222);
insert into LIBRARY_HOUR (DAY_OF_WEEK, FROM_TIME, HOUR_SET_ID, TO_TIME, ID) values (7,TIMESTAMP '31-12-14 07:00:01',28,TIMESTAMP '31-12-14 17:00:01',223);
insert into LIBRARY_HOUR (DAY_OF_WEEK, FROM_TIME, HOUR_SET_ID, TO_TIME, ID) values (8,TIMESTAMP '31-12-14 07:00:01',28,TIMESTAMP '31-12-14 17:00:01',224);

insert into LIBRARY_HOUR (DAY_OF_WEEK, FROM_TIME, HOUR_SET_ID, TO_TIME, ID) values (1,TIMESTAMP '31-12-14 13:00:00',29,TIMESTAMP '31-12-14 14:00:00',225);
insert into LIBRARY_HOUR (DAY_OF_WEEK, FROM_TIME, HOUR_SET_ID, TO_TIME, ID) values (2,TIMESTAMP '31-12-14 13:00:00',29,TIMESTAMP '31-12-14 14:00:00',226);
insert into LIBRARY_HOUR (DAY_OF_WEEK, FROM_TIME, HOUR_SET_ID, TO_TIME, ID) values (3,TIMESTAMP '31-12-14 13:00:00',29,TIMESTAMP '31-12-14 14:00:00',227);
insert into LIBRARY_HOUR (DAY_OF_WEEK, FROM_TIME, HOUR_SET_ID, TO_TIME, ID) values (4,TIMESTAMP '31-12-14 13:00:00',29,TIMESTAMP '31-12-14 14:00:00',228);
insert into LIBRARY_HOUR (DAY_OF_WEEK, FROM_TIME, HOUR_SET_ID, TO_TIME, ID) values (5,TIMESTAMP '31-12-14 13:00:00',29,TIMESTAMP '31-12-14 14:00:00',229);
insert into LIBRARY_HOUR (DAY_OF_WEEK, FROM_TIME, HOUR_SET_ID, TO_TIME, ID) values (6,TIMESTAMP '31-12-14 13:00:00',29,TIMESTAMP '31-12-14 14:00:00',230);
insert into LIBRARY_HOUR (DAY_OF_WEEK, FROM_TIME, HOUR_SET_ID, TO_TIME, ID) values (7,TIMESTAMP '31-12-14 13:00:00',29,TIMESTAMP '31-12-14 14:00:00',231);
insert into LIBRARY_HOUR (DAY_OF_WEEK, FROM_TIME, HOUR_SET_ID, TO_TIME, ID) values (8,TIMESTAMP '31-12-14 13:00:00',29,TIMESTAMP '31-12-14 14:00:00',232);

insert into LIBRARY_HOUR (DAY_OF_WEEK, FROM_TIME, HOUR_SET_ID, TO_TIME, ID) values (1,TIMESTAMP '31-12-14 07:00:01',30,TIMESTAMP '31-12-14 17:00:01',233);
insert into LIBRARY_HOUR (DAY_OF_WEEK, FROM_TIME, HOUR_SET_ID, TO_TIME, ID) values (2,TIMESTAMP '31-12-14 07:00:01',30,TIMESTAMP '31-12-14 17:00:01',234);
insert into LIBRARY_HOUR (DAY_OF_WEEK, FROM_TIME, HOUR_SET_ID, TO_TIME, ID) values (3,TIMESTAMP '31-12-14 07:00:01',30,TIMESTAMP '31-12-14 17:00:01',235);
insert into LIBRARY_HOUR (DAY_OF_WEEK, FROM_TIME, HOUR_SET_ID, TO_TIME, ID) values (4,TIMESTAMP '31-12-14 07:00:01',30,TIMESTAMP '31-12-14 17:00:01',236);
insert into LIBRARY_HOUR (DAY_OF_WEEK, FROM_TIME, HOUR_SET_ID, TO_TIME, ID) values (5,TIMESTAMP '31-12-14 07:00:01',30,TIMESTAMP '31-12-14 17:00:01',237);
insert into LIBRARY_HOUR (DAY_OF_WEEK, FROM_TIME, HOUR_SET_ID, TO_TIME, ID) values (6,TIMESTAMP '31-12-14 07:00:01',30,TIMESTAMP '31-12-14 17:00:01',238);
insert into LIBRARY_HOUR (DAY_OF_WEEK, FROM_TIME, HOUR_SET_ID, TO_TIME, ID) values (7,TIMESTAMP '31-12-14 07:00:01',30,TIMESTAMP '31-12-14 17:00:01',239);
insert into LIBRARY_HOUR (DAY_OF_WEEK, FROM_TIME, HOUR_SET_ID, TO_TIME, ID) values (8,TIMESTAMP '31-12-14 07:00:01',30,TIMESTAMP '31-12-14 17:00:01',240);

insert into LIBRARY_HOUR (DAY_OF_WEEK, FROM_TIME, HOUR_SET_ID, TO_TIME, ID) values (1,TIMESTAMP '31-12-14 13:00:00',31,TIMESTAMP '31-12-14 14:00:00',241);
insert into LIBRARY_HOUR (DAY_OF_WEEK, FROM_TIME, HOUR_SET_ID, TO_TIME, ID) values (2,TIMESTAMP '31-12-14 13:00:00',31,TIMESTAMP '31-12-14 14:00:00',242);
insert into LIBRARY_HOUR (DAY_OF_WEEK, FROM_TIME, HOUR_SET_ID, TO_TIME, ID) values (3,TIMESTAMP '31-12-14 13:00:00',31,TIMESTAMP '31-12-14 14:00:00',243);
insert into LIBRARY_HOUR (DAY_OF_WEEK, FROM_TIME, HOUR_SET_ID, TO_TIME, ID) values (4,TIMESTAMP '31-12-14 13:00:00',31,TIMESTAMP '31-12-14 14:00:00',244);
insert into LIBRARY_HOUR (DAY_OF_WEEK, FROM_TIME, HOUR_SET_ID, TO_TIME, ID) values (5,TIMESTAMP '31-12-14 13:00:00',31,TIMESTAMP '31-12-14 14:00:00',245);
insert into LIBRARY_HOUR (DAY_OF_WEEK, FROM_TIME, HOUR_SET_ID, TO_TIME, ID) values (6,TIMESTAMP '31-12-14 13:00:00',31,TIMESTAMP '31-12-14 14:00:00',246);
insert into LIBRARY_HOUR (DAY_OF_WEEK, FROM_TIME, HOUR_SET_ID, TO_TIME, ID) values (7,TIMESTAMP '31-12-14 13:00:00',31,TIMESTAMP '31-12-14 14:00:00',247);
insert into LIBRARY_HOUR (DAY_OF_WEEK, FROM_TIME, HOUR_SET_ID, TO_TIME, ID) values (8,TIMESTAMP '31-12-14 13:00:00',31,TIMESTAMP '31-12-14 14:00:00',248);

insert into LIBRARY_HOUR (DAY_OF_WEEK, FROM_TIME, HOUR_SET_ID, TO_TIME, ID) values (1,TIMESTAMP '31-12-14 07:00:01',32,TIMESTAMP '31-12-14 17:00:01',249);
insert into LIBRARY_HOUR (DAY_OF_WEEK, FROM_TIME, HOUR_SET_ID, TO_TIME, ID) values (2,TIMESTAMP '31-12-14 07:00:01',32,TIMESTAMP '31-12-14 17:00:01',250);
insert into LIBRARY_HOUR (DAY_OF_WEEK, FROM_TIME, HOUR_SET_ID, TO_TIME, ID) values (3,TIMESTAMP '31-12-14 07:00:01',32,TIMESTAMP '31-12-14 17:00:01',251);
insert into LIBRARY_HOUR (DAY_OF_WEEK, FROM_TIME, HOUR_SET_ID, TO_TIME, ID) values (4,TIMESTAMP '31-12-14 07:00:01',32,TIMESTAMP '31-12-14 17:00:01',252);
insert into LIBRARY_HOUR (DAY_OF_WEEK, FROM_TIME, HOUR_SET_ID, TO_TIME, ID) values (5,TIMESTAMP '31-12-14 07:00:01',32,TIMESTAMP '31-12-14 17:00:01',253);
insert into LIBRARY_HOUR (DAY_OF_WEEK, FROM_TIME, HOUR_SET_ID, TO_TIME, ID) values (6,TIMESTAMP '31-12-14 07:00:01',32,TIMESTAMP '31-12-14 17:00:01',254);
insert into LIBRARY_HOUR (DAY_OF_WEEK, FROM_TIME, HOUR_SET_ID, TO_TIME, ID) values (7,TIMESTAMP '31-12-14 07:00:01',32,TIMESTAMP '31-12-14 17:00:01',255);
insert into LIBRARY_HOUR (DAY_OF_WEEK, FROM_TIME, HOUR_SET_ID, TO_TIME, ID) values (8,TIMESTAMP '31-12-14 07:00:01',32,TIMESTAMP '31-12-14 17:00:01',256);

insert into LIBRARY_HOUR (DAY_OF_WEEK, FROM_TIME, HOUR_SET_ID, TO_TIME, ID) values (1,TIMESTAMP '31-12-14 13:00:00',33,TIMESTAMP '31-12-14 14:00:00',257);
insert into LIBRARY_HOUR (DAY_OF_WEEK, FROM_TIME, HOUR_SET_ID, TO_TIME, ID) values (2,TIMESTAMP '31-12-14 13:00:00',33,TIMESTAMP '31-12-14 14:00:00',258);
insert into LIBRARY_HOUR (DAY_OF_WEEK, FROM_TIME, HOUR_SET_ID, TO_TIME, ID) values (3,TIMESTAMP '31-12-14 13:00:00',33,TIMESTAMP '31-12-14 14:00:00',259);
insert into LIBRARY_HOUR (DAY_OF_WEEK, FROM_TIME, HOUR_SET_ID, TO_TIME, ID) values (4,TIMESTAMP '31-12-14 13:00:00',33,TIMESTAMP '31-12-14 14:00:00',260);
insert into LIBRARY_HOUR (DAY_OF_WEEK, FROM_TIME, HOUR_SET_ID, TO_TIME, ID) values (5,TIMESTAMP '31-12-14 13:00:00',33,TIMESTAMP '31-12-14 14:00:00',261);
insert into LIBRARY_HOUR (DAY_OF_WEEK, FROM_TIME, HOUR_SET_ID, TO_TIME, ID) values (6,TIMESTAMP '31-12-14 13:00:00',33,TIMESTAMP '31-12-14 14:00:00',262);
insert into LIBRARY_HOUR (DAY_OF_WEEK, FROM_TIME, HOUR_SET_ID, TO_TIME, ID) values (7,TIMESTAMP '31-12-14 13:00:00',33,TIMESTAMP '31-12-14 14:00:00',263);
insert into LIBRARY_HOUR (DAY_OF_WEEK, FROM_TIME, HOUR_SET_ID, TO_TIME, ID) values (8,TIMESTAMP '31-12-14 13:00:00',33,TIMESTAMP '31-12-14 14:00:00',264);

insert into LIBRARY_HOUR (DAY_OF_WEEK, FROM_TIME, HOUR_SET_ID, TO_TIME, ID) values (1,TIMESTAMP '31-12-14 07:00:01',34,TIMESTAMP '31-12-14 17:00:01',265);
insert into LIBRARY_HOUR (DAY_OF_WEEK, FROM_TIME, HOUR_SET_ID, TO_TIME, ID) values (2,TIMESTAMP '31-12-14 07:00:01',34,TIMESTAMP '31-12-14 17:00:01',266);
insert into LIBRARY_HOUR (DAY_OF_WEEK, FROM_TIME, HOUR_SET_ID, TO_TIME, ID) values (3,TIMESTAMP '31-12-14 07:00:01',34,TIMESTAMP '31-12-14 17:00:01',267);
insert into LIBRARY_HOUR (DAY_OF_WEEK, FROM_TIME, HOUR_SET_ID, TO_TIME, ID) values (4,TIMESTAMP '31-12-14 07:00:01',34,TIMESTAMP '31-12-14 17:00:01',268);
insert into LIBRARY_HOUR (DAY_OF_WEEK, FROM_TIME, HOUR_SET_ID, TO_TIME, ID) values (5,TIMESTAMP '31-12-14 07:00:01',34,TIMESTAMP '31-12-14 17:00:01',269);
insert into LIBRARY_HOUR (DAY_OF_WEEK, FROM_TIME, HOUR_SET_ID, TO_TIME, ID) values (6,TIMESTAMP '31-12-14 07:00:01',34,TIMESTAMP '31-12-14 17:00:01',270);
insert into LIBRARY_HOUR (DAY_OF_WEEK, FROM_TIME, HOUR_SET_ID, TO_TIME, ID) values (7,TIMESTAMP '31-12-14 07:00:01',34,TIMESTAMP '31-12-14 17:00:01',271);
insert into LIBRARY_HOUR (DAY_OF_WEEK, FROM_TIME, HOUR_SET_ID, TO_TIME, ID) values (8,TIMESTAMP '31-12-14 07:00:01',34,TIMESTAMP '31-12-14 17:00:01',272);

insert into LIBRARY_HOUR (DAY_OF_WEEK, FROM_TIME, HOUR_SET_ID, TO_TIME, ID) values (1,TIMESTAMP '31-12-14 13:00:01',35,TIMESTAMP '31-12-14 14:00:00',273);
insert into LIBRARY_HOUR (DAY_OF_WEEK, FROM_TIME, HOUR_SET_ID, TO_TIME, ID) values (2,TIMESTAMP '31-12-14 13:00:01',35,TIMESTAMP '31-12-14 14:00:00',274);
insert into LIBRARY_HOUR (DAY_OF_WEEK, FROM_TIME, HOUR_SET_ID, TO_TIME, ID) values (3,TIMESTAMP '31-12-14 13:00:01',35,TIMESTAMP '31-12-14 14:00:00',275);
insert into LIBRARY_HOUR (DAY_OF_WEEK, FROM_TIME, HOUR_SET_ID, TO_TIME, ID) values (4,TIMESTAMP '31-12-14 13:00:01',35,TIMESTAMP '31-12-14 14:00:00',276);
insert into LIBRARY_HOUR (DAY_OF_WEEK, FROM_TIME, HOUR_SET_ID, TO_TIME, ID) values (5,TIMESTAMP '31-12-14 13:00:01',35,TIMESTAMP '31-12-14 14:00:00',277);
insert into LIBRARY_HOUR (DAY_OF_WEEK, FROM_TIME, HOUR_SET_ID, TO_TIME, ID) values (6,TIMESTAMP '31-12-14 13:00:01',35,TIMESTAMP '31-12-14 14:00:00',278);
insert into LIBRARY_HOUR (DAY_OF_WEEK, FROM_TIME, HOUR_SET_ID, TO_TIME, ID) values (7,TIMESTAMP '31-12-14 13:00:01',35,TIMESTAMP '31-12-14 14:00:00',279);
insert into LIBRARY_HOUR (DAY_OF_WEEK, FROM_TIME, HOUR_SET_ID, TO_TIME, ID) values (8,TIMESTAMP '31-12-14 13:00:01',35,TIMESTAMP '31-12-14 14:00:00',280);

insert into LIBRARY_HOUR (DAY_OF_WEEK, FROM_TIME, HOUR_SET_ID, TO_TIME, ID) values (1,TIMESTAMP '31-12-14 07:00:01',36,TIMESTAMP '31-12-14 17:00:01',281);
insert into LIBRARY_HOUR (DAY_OF_WEEK, FROM_TIME, HOUR_SET_ID, TO_TIME, ID) values (2,TIMESTAMP '31-12-14 07:00:01',36,TIMESTAMP '31-12-14 17:00:01',282);
insert into LIBRARY_HOUR (DAY_OF_WEEK, FROM_TIME, HOUR_SET_ID, TO_TIME, ID) values (3,TIMESTAMP '31-12-14 07:00:01',36,TIMESTAMP '31-12-14 17:00:01',283);
insert into LIBRARY_HOUR (DAY_OF_WEEK, FROM_TIME, HOUR_SET_ID, TO_TIME, ID) values (4,TIMESTAMP '31-12-14 07:00:01',36,TIMESTAMP '31-12-14 17:00:01',284);
insert into LIBRARY_HOUR (DAY_OF_WEEK, FROM_TIME, HOUR_SET_ID, TO_TIME, ID) values (5,TIMESTAMP '31-12-14 07:00:01',36,TIMESTAMP '31-12-14 17:00:01',285);
insert into LIBRARY_HOUR (DAY_OF_WEEK, FROM_TIME, HOUR_SET_ID, TO_TIME, ID) values (6,TIMESTAMP '31-12-14 07:00:01',36,TIMESTAMP '31-12-14 17:00:01',286);
insert into LIBRARY_HOUR (DAY_OF_WEEK, FROM_TIME, HOUR_SET_ID, TO_TIME, ID) values (7,TIMESTAMP '31-12-14 07:00:01',36,TIMESTAMP '31-12-14 17:00:01',287);
insert into LIBRARY_HOUR (DAY_OF_WEEK, FROM_TIME, HOUR_SET_ID, TO_TIME, ID) values (8,TIMESTAMP '31-12-14 07:00:01',36,TIMESTAMP '31-12-14 17:00:01',288);

insert into LIBRARY_HOUR (DAY_OF_WEEK, FROM_TIME, HOUR_SET_ID, TO_TIME, ID) values (1,TIMESTAMP '31-12-14 07:00:01',37,TIMESTAMP '31-12-14 17:00:01',289);
insert into LIBRARY_HOUR (DAY_OF_WEEK, FROM_TIME, HOUR_SET_ID, TO_TIME, ID) values (2,TIMESTAMP '31-12-14 07:00:01',37,TIMESTAMP '31-12-14 17:00:01',290);
insert into LIBRARY_HOUR (DAY_OF_WEEK, FROM_TIME, HOUR_SET_ID, TO_TIME, ID) values (3,TIMESTAMP '31-12-14 07:00:01',37,TIMESTAMP '31-12-14 17:00:01',291);
insert into LIBRARY_HOUR (DAY_OF_WEEK, FROM_TIME, HOUR_SET_ID, TO_TIME, ID) values (4,TIMESTAMP '31-12-14 07:00:01',37,TIMESTAMP '31-12-14 17:00:01',292);
insert into LIBRARY_HOUR (DAY_OF_WEEK, FROM_TIME, HOUR_SET_ID, TO_TIME, ID) values (5,TIMESTAMP '31-12-14 07:00:01',37,TIMESTAMP '31-12-14 17:00:01',293);
insert into LIBRARY_HOUR (DAY_OF_WEEK, FROM_TIME, HOUR_SET_ID, TO_TIME, ID) values (6,TIMESTAMP '31-12-14 07:00:01',37,TIMESTAMP '31-12-14 17:00:01',294);
insert into LIBRARY_HOUR (DAY_OF_WEEK, FROM_TIME, HOUR_SET_ID, TO_TIME, ID) values (7,TIMESTAMP '31-12-14 07:00:01',37,TIMESTAMP '31-12-14 17:00:01',295);
insert into LIBRARY_HOUR (DAY_OF_WEEK, FROM_TIME, HOUR_SET_ID, TO_TIME, ID) values (8,TIMESTAMP '31-12-14 07:00:01',37,TIMESTAMP '31-12-14 17:00:01',296);

insert into LIBRARY_HOUR (DAY_OF_WEEK, FROM_TIME, HOUR_SET_ID, TO_TIME, ID) values (1,TIMESTAMP '31-12-14 07:00:01',38,TIMESTAMP '31-12-14 17:00:01',297);
insert into LIBRARY_HOUR (DAY_OF_WEEK, FROM_TIME, HOUR_SET_ID, TO_TIME, ID) values (2,TIMESTAMP '31-12-14 07:00:01',38,TIMESTAMP '31-12-14 17:00:01',298);
insert into LIBRARY_HOUR (DAY_OF_WEEK, FROM_TIME, HOUR_SET_ID, TO_TIME, ID) values (3,TIMESTAMP '31-12-14 07:00:01',38,TIMESTAMP '31-12-14 17:00:01',299);
insert into LIBRARY_HOUR (DAY_OF_WEEK, FROM_TIME, HOUR_SET_ID, TO_TIME, ID) values (4,TIMESTAMP '31-12-14 07:00:01',38,TIMESTAMP '31-12-14 17:00:01',300);
insert into LIBRARY_HOUR (DAY_OF_WEEK, FROM_TIME, HOUR_SET_ID, TO_TIME, ID) values (5,TIMESTAMP '31-12-14 07:00:01',38,TIMESTAMP '31-12-14 17:00:01',301);
insert into LIBRARY_HOUR (DAY_OF_WEEK, FROM_TIME, HOUR_SET_ID, TO_TIME, ID) values (6,TIMESTAMP '31-12-14 07:00:01',38,TIMESTAMP '31-12-14 17:00:01',302);
insert into LIBRARY_HOUR (DAY_OF_WEEK, FROM_TIME, HOUR_SET_ID, TO_TIME, ID) values (7,TIMESTAMP '31-12-14 07:00:01',38,TIMESTAMP '31-12-14 17:00:01',303);
insert into LIBRARY_HOUR (DAY_OF_WEEK, FROM_TIME, HOUR_SET_ID, TO_TIME, ID) values (8,TIMESTAMP '31-12-14 07:00:01',38,TIMESTAMP '31-12-14 17:00:01',304);

insert into LIBRARY_HOUR (DAY_OF_WEEK, FROM_TIME, HOUR_SET_ID, TO_TIME, ID) values (1,TIMESTAMP '31-12-14 07:00:01',39,TIMESTAMP '31-12-14 17:00:01',305);
insert into LIBRARY_HOUR (DAY_OF_WEEK, FROM_TIME, HOUR_SET_ID, TO_TIME, ID) values (2,TIMESTAMP '31-12-14 07:00:01',39,TIMESTAMP '31-12-14 17:00:01',306);
insert into LIBRARY_HOUR (DAY_OF_WEEK, FROM_TIME, HOUR_SET_ID, TO_TIME, ID) values (3,TIMESTAMP '31-12-14 07:00:01',39,TIMESTAMP '31-12-14 17:00:01',307);
insert into LIBRARY_HOUR (DAY_OF_WEEK, FROM_TIME, HOUR_SET_ID, TO_TIME, ID) values (4,TIMESTAMP '31-12-14 07:00:01',39,TIMESTAMP '31-12-14 17:00:01',308);
insert into LIBRARY_HOUR (DAY_OF_WEEK, FROM_TIME, HOUR_SET_ID, TO_TIME, ID) values (5,TIMESTAMP '31-12-14 07:00:01',39,TIMESTAMP '31-12-14 17:00:01',309);
insert into LIBRARY_HOUR (DAY_OF_WEEK, FROM_TIME, HOUR_SET_ID, TO_TIME, ID) values (6,TIMESTAMP '31-12-14 07:00:01',39,TIMESTAMP '31-12-14 17:00:01',310);
insert into LIBRARY_HOUR (DAY_OF_WEEK, FROM_TIME, HOUR_SET_ID, TO_TIME, ID) values (7,TIMESTAMP '31-12-14 07:00:01',39,TIMESTAMP '31-12-14 17:00:01',311);
insert into LIBRARY_HOUR (DAY_OF_WEEK, FROM_TIME, HOUR_SET_ID, TO_TIME, ID) values (8,TIMESTAMP '31-12-14 07:00:01',39,TIMESTAMP '31-12-14 17:00:01',312);

insert into LIBRARY_HOUR (DAY_OF_WEEK, FROM_TIME, HOUR_SET_ID, TO_TIME, ID) values (1,TIMESTAMP '31-12-14 07:00:01',40,TIMESTAMP '31-12-14 17:00:01',313);
insert into LIBRARY_HOUR (DAY_OF_WEEK, FROM_TIME, HOUR_SET_ID, TO_TIME, ID) values (2,TIMESTAMP '31-12-14 07:00:01',40,TIMESTAMP '31-12-14 17:00:01',314);
insert into LIBRARY_HOUR (DAY_OF_WEEK, FROM_TIME, HOUR_SET_ID, TO_TIME, ID) values (3,TIMESTAMP '31-12-14 07:00:01',40,TIMESTAMP '31-12-14 17:00:01',315);
insert into LIBRARY_HOUR (DAY_OF_WEEK, FROM_TIME, HOUR_SET_ID, TO_TIME, ID) values (4,TIMESTAMP '31-12-14 07:00:01',40,TIMESTAMP '31-12-14 17:00:01',316);
insert into LIBRARY_HOUR (DAY_OF_WEEK, FROM_TIME, HOUR_SET_ID, TO_TIME, ID) values (5,TIMESTAMP '31-12-14 07:00:01',40,TIMESTAMP '31-12-14 17:00:01',317);
insert into LIBRARY_HOUR (DAY_OF_WEEK, FROM_TIME, HOUR_SET_ID, TO_TIME, ID) values (6,TIMESTAMP '31-12-14 07:00:01',40,TIMESTAMP '31-12-14 17:00:01',318);
insert into LIBRARY_HOUR (DAY_OF_WEEK, FROM_TIME, HOUR_SET_ID, TO_TIME, ID) values (7,TIMESTAMP '31-12-14 07:00:01',40,TIMESTAMP '31-12-14 17:00:01',319);
insert into LIBRARY_HOUR (DAY_OF_WEEK, FROM_TIME, HOUR_SET_ID, TO_TIME, ID) values (8,TIMESTAMP '31-12-14 07:00:01',40,TIMESTAMP '31-12-14 17:00:01',320);

insert into LIBRARY_HOUR (DAY_OF_WEEK, FROM_TIME, HOUR_SET_ID, TO_TIME, ID) values (1,TIMESTAMP '31-12-14 07:00:01',41,TIMESTAMP '31-12-14 17:00:01',321);
insert into LIBRARY_HOUR (DAY_OF_WEEK, FROM_TIME, HOUR_SET_ID, TO_TIME, ID) values (2,TIMESTAMP '31-12-14 07:00:01',41,TIMESTAMP '31-12-14 17:00:01',322);
insert into LIBRARY_HOUR (DAY_OF_WEEK, FROM_TIME, HOUR_SET_ID, TO_TIME, ID) values (3,TIMESTAMP '31-12-14 07:00:01',41,TIMESTAMP '31-12-14 17:00:01',323);
insert into LIBRARY_HOUR (DAY_OF_WEEK, FROM_TIME, HOUR_SET_ID, TO_TIME, ID) values (4,TIMESTAMP '31-12-14 07:00:01',41,TIMESTAMP '31-12-14 17:00:01',324);
insert into LIBRARY_HOUR (DAY_OF_WEEK, FROM_TIME, HOUR_SET_ID, TO_TIME, ID) values (5,TIMESTAMP '31-12-14 07:00:01',41,TIMESTAMP '31-12-14 17:00:01',325);
insert into LIBRARY_HOUR (DAY_OF_WEEK, FROM_TIME, HOUR_SET_ID, TO_TIME, ID) values (6,TIMESTAMP '31-12-14 07:00:01',41,TIMESTAMP '31-12-14 17:00:01',326);
insert into LIBRARY_HOUR (DAY_OF_WEEK, FROM_TIME, HOUR_SET_ID, TO_TIME, ID) values (7,TIMESTAMP '31-12-14 07:00:01',41,TIMESTAMP '31-12-14 17:00:01',327);
insert into LIBRARY_HOUR (DAY_OF_WEEK, FROM_TIME, HOUR_SET_ID, TO_TIME, ID) values (8,TIMESTAMP '31-12-14 07:00:01',41,TIMESTAMP '31-12-14 17:00:01',328);

insert into LIBRARY_HOUR (DAY_OF_WEEK, FROM_TIME, HOUR_SET_ID, TO_TIME, ID) values (1,TIMESTAMP '31-12-14 07:00:01',42,TIMESTAMP '31-12-14 17:00:01',329);
insert into LIBRARY_HOUR (DAY_OF_WEEK, FROM_TIME, HOUR_SET_ID, TO_TIME, ID) values (2,TIMESTAMP '31-12-14 07:00:01',42,TIMESTAMP '31-12-14 17:00:01',330);
insert into LIBRARY_HOUR (DAY_OF_WEEK, FROM_TIME, HOUR_SET_ID, TO_TIME, ID) values (3,TIMESTAMP '31-12-14 07:00:01',42,TIMESTAMP '31-12-14 17:00:01',331);
insert into LIBRARY_HOUR (DAY_OF_WEEK, FROM_TIME, HOUR_SET_ID, TO_TIME, ID) values (4,TIMESTAMP '31-12-14 07:00:01',42,TIMESTAMP '31-12-14 17:00:01',332);
insert into LIBRARY_HOUR (DAY_OF_WEEK, FROM_TIME, HOUR_SET_ID, TO_TIME, ID) values (5,TIMESTAMP '31-12-14 07:00:01',42,TIMESTAMP '31-12-14 17:00:01',333);
insert into LIBRARY_HOUR (DAY_OF_WEEK, FROM_TIME, HOUR_SET_ID, TO_TIME, ID) values (6,TIMESTAMP '31-12-14 07:00:01',42,TIMESTAMP '31-12-14 17:00:01',334);
insert into LIBRARY_HOUR (DAY_OF_WEEK, FROM_TIME, HOUR_SET_ID, TO_TIME, ID) values (7,TIMESTAMP '31-12-14 07:00:01',42,TIMESTAMP '31-12-14 17:00:01',335);
insert into LIBRARY_HOUR (DAY_OF_WEEK, FROM_TIME, HOUR_SET_ID, TO_TIME, ID) values (8,TIMESTAMP '31-12-14 07:00:01',42,TIMESTAMP '31-12-14 17:00:01',336);

insert into LIBRARY_HOUR (DAY_OF_WEEK, FROM_TIME, HOUR_SET_ID, TO_TIME, ID) values (1,TIMESTAMP '31-12-14 07:00:01',43,TIMESTAMP '31-12-14 17:00:01',337);
insert into LIBRARY_HOUR (DAY_OF_WEEK, FROM_TIME, HOUR_SET_ID, TO_TIME, ID) values (2,TIMESTAMP '31-12-14 07:00:01',43,TIMESTAMP '31-12-14 17:00:01',338);
insert into LIBRARY_HOUR (DAY_OF_WEEK, FROM_TIME, HOUR_SET_ID, TO_TIME, ID) values (3,TIMESTAMP '31-12-14 07:00:01',43,TIMESTAMP '31-12-14 17:00:01',339);
insert into LIBRARY_HOUR (DAY_OF_WEEK, FROM_TIME, HOUR_SET_ID, TO_TIME, ID) values (4,TIMESTAMP '31-12-14 07:00:01',43,TIMESTAMP '31-12-14 17:00:01',340);
insert into LIBRARY_HOUR (DAY_OF_WEEK, FROM_TIME, HOUR_SET_ID, TO_TIME, ID) values (5,TIMESTAMP '31-12-14 07:00:01',43,TIMESTAMP '31-12-14 17:00:01',341);
insert into LIBRARY_HOUR (DAY_OF_WEEK, FROM_TIME, HOUR_SET_ID, TO_TIME, ID) values (6,TIMESTAMP '31-12-14 07:00:01',43,TIMESTAMP '31-12-14 17:00:01',342);
insert into LIBRARY_HOUR (DAY_OF_WEEK, FROM_TIME, HOUR_SET_ID, TO_TIME, ID) values (7,TIMESTAMP '31-12-14 07:00:01',43,TIMESTAMP '31-12-14 17:00:01',343);
insert into LIBRARY_HOUR (DAY_OF_WEEK, FROM_TIME, HOUR_SET_ID, TO_TIME, ID) values (8,TIMESTAMP '31-12-14 07:00:01',43,TIMESTAMP '31-12-14 17:00:01',344);

insert into LIBRARY_HOUR (DAY_OF_WEEK, FROM_TIME, HOUR_SET_ID, TO_TIME, ID) values (1,TIMESTAMP '31-12-14 07:00:01',44,TIMESTAMP '31-12-14 17:00:01',345);
insert into LIBRARY_HOUR (DAY_OF_WEEK, FROM_TIME, HOUR_SET_ID, TO_TIME, ID) values (2,TIMESTAMP '31-12-14 07:00:01',44,TIMESTAMP '31-12-14 17:00:01',346);
insert into LIBRARY_HOUR (DAY_OF_WEEK, FROM_TIME, HOUR_SET_ID, TO_TIME, ID) values (3,TIMESTAMP '31-12-14 07:00:01',44,TIMESTAMP '31-12-14 17:00:01',347);
insert into LIBRARY_HOUR (DAY_OF_WEEK, FROM_TIME, HOUR_SET_ID, TO_TIME, ID) values (4,TIMESTAMP '31-12-14 07:00:01',44,TIMESTAMP '31-12-14 17:00:01',348);
insert into LIBRARY_HOUR (DAY_OF_WEEK, FROM_TIME, HOUR_SET_ID, TO_TIME, ID) values (5,TIMESTAMP '31-12-14 07:00:01',44,TIMESTAMP '31-12-14 17:00:01',349);
insert into LIBRARY_HOUR (DAY_OF_WEEK, FROM_TIME, HOUR_SET_ID, TO_TIME, ID) values (6,TIMESTAMP '31-12-14 07:00:01',44,TIMESTAMP '31-12-14 17:00:01',350);
insert into LIBRARY_HOUR (DAY_OF_WEEK, FROM_TIME, HOUR_SET_ID, TO_TIME, ID) values (7,TIMESTAMP '31-12-14 07:00:01',44,TIMESTAMP '31-12-14 17:00:01',351);
insert into LIBRARY_HOUR (DAY_OF_WEEK, FROM_TIME, HOUR_SET_ID, TO_TIME, ID) values (8,TIMESTAMP '31-12-14 07:00:01',44,TIMESTAMP '31-12-14 17:00:01',352);

insert into LIBRARY_HOUR (DAY_OF_WEEK, FROM_TIME, HOUR_SET_ID, TO_TIME, ID) values (1,TIMESTAMP '31-12-14 07:00:01',45,TIMESTAMP '31-12-14 17:00:01',353);
insert into LIBRARY_HOUR (DAY_OF_WEEK, FROM_TIME, HOUR_SET_ID, TO_TIME, ID) values (2,TIMESTAMP '31-12-14 07:00:01',45,TIMESTAMP '31-12-14 17:00:01',354);
insert into LIBRARY_HOUR (DAY_OF_WEEK, FROM_TIME, HOUR_SET_ID, TO_TIME, ID) values (3,TIMESTAMP '31-12-14 07:00:01',45,TIMESTAMP '31-12-14 17:00:01',355);
insert into LIBRARY_HOUR (DAY_OF_WEEK, FROM_TIME, HOUR_SET_ID, TO_TIME, ID) values (4,TIMESTAMP '31-12-14 07:00:01',45,TIMESTAMP '31-12-14 17:00:01',356);
insert into LIBRARY_HOUR (DAY_OF_WEEK, FROM_TIME, HOUR_SET_ID, TO_TIME, ID) values (5,TIMESTAMP '31-12-14 07:00:01',45,TIMESTAMP '31-12-14 17:00:01',357);
insert into LIBRARY_HOUR (DAY_OF_WEEK, FROM_TIME, HOUR_SET_ID, TO_TIME, ID) values (6,TIMESTAMP '31-12-14 07:00:01',45,TIMESTAMP '31-12-14 17:00:01',358);
insert into LIBRARY_HOUR (DAY_OF_WEEK, FROM_TIME, HOUR_SET_ID, TO_TIME, ID) values (7,TIMESTAMP '31-12-14 07:00:01',45,TIMESTAMP '31-12-14 17:00:01',359);
insert into LIBRARY_HOUR (DAY_OF_WEEK, FROM_TIME, HOUR_SET_ID, TO_TIME, ID) values (8,TIMESTAMP '31-12-14 07:00:01',45,TIMESTAMP '31-12-14 17:00:01',360);
insert into LIBRARY_HOUR (DAY_OF_WEEK, FROM_TIME, HOUR_SET_ID, TO_TIME, ID) values (1,TIMESTAMP '31-12-14 07:00:01',46,TIMESTAMP '31-12-14 17:00:01',361);
insert into LIBRARY_HOUR (DAY_OF_WEEK, FROM_TIME, HOUR_SET_ID, TO_TIME, ID) values (2,TIMESTAMP '31-12-14 07:00:01',46,TIMESTAMP '31-12-14 17:00:01',362);
insert into LIBRARY_HOUR (DAY_OF_WEEK, FROM_TIME, HOUR_SET_ID, TO_TIME, ID) values (3,TIMESTAMP '31-12-14 07:00:01',46,TIMESTAMP '31-12-14 17:00:01',363);
insert into LIBRARY_HOUR (DAY_OF_WEEK, FROM_TIME, HOUR_SET_ID, TO_TIME, ID) values (4,TIMESTAMP '31-12-14 07:00:01',46,TIMESTAMP '31-12-14 17:00:01',364);
insert into LIBRARY_HOUR (DAY_OF_WEEK, FROM_TIME, HOUR_SET_ID, TO_TIME, ID) values (5,TIMESTAMP '31-12-14 07:00:01',46,TIMESTAMP '31-12-14 17:00:01',365);
insert into LIBRARY_HOUR (DAY_OF_WEEK, FROM_TIME, HOUR_SET_ID, TO_TIME, ID) values (6,TIMESTAMP '31-12-14 07:00:01',46,TIMESTAMP '31-12-14 17:00:01',366);
insert into LIBRARY_HOUR (DAY_OF_WEEK, FROM_TIME, HOUR_SET_ID, TO_TIME, ID) values (7,TIMESTAMP '31-12-14 07:00:01',46,TIMESTAMP '31-12-14 17:00:01',367);
insert into LIBRARY_HOUR (DAY_OF_WEEK, FROM_TIME, HOUR_SET_ID, TO_TIME, ID) values (8,TIMESTAMP '31-12-14 07:00:01',46,TIMESTAMP '31-12-14 17:00:01',368);

insert into LIBRARY_HOUR (DAY_OF_WEEK, FROM_TIME, HOUR_SET_ID, TO_TIME, ID) values (1,TIMESTAMP '31-12-14 07:00:01',47,TIMESTAMP '31-12-14 17:00:01',369);
insert into LIBRARY_HOUR (DAY_OF_WEEK, FROM_TIME, HOUR_SET_ID, TO_TIME, ID) values (2,TIMESTAMP '31-12-14 07:00:01',47,TIMESTAMP '31-12-14 17:00:01',370);
insert into LIBRARY_HOUR (DAY_OF_WEEK, FROM_TIME, HOUR_SET_ID, TO_TIME, ID) values (3,TIMESTAMP '31-12-14 07:00:01',47,TIMESTAMP '31-12-14 17:00:01',371);
insert into LIBRARY_HOUR (DAY_OF_WEEK, FROM_TIME, HOUR_SET_ID, TO_TIME, ID) values (4,TIMESTAMP '31-12-14 07:00:01',47,TIMESTAMP '31-12-14 17:00:01',372);
insert into LIBRARY_HOUR (DAY_OF_WEEK, FROM_TIME, HOUR_SET_ID, TO_TIME, ID) values (5,TIMESTAMP '31-12-14 07:00:01',47,TIMESTAMP '31-12-14 17:00:01',373);
insert into LIBRARY_HOUR (DAY_OF_WEEK, FROM_TIME, HOUR_SET_ID, TO_TIME, ID) values (6,TIMESTAMP '31-12-14 07:00:01',47,TIMESTAMP '31-12-14 17:00:01',374);
insert into LIBRARY_HOUR (DAY_OF_WEEK, FROM_TIME, HOUR_SET_ID, TO_TIME, ID) values (7,TIMESTAMP '31-12-14 07:00:01',47,TIMESTAMP '31-12-14 17:00:01',375);
insert into LIBRARY_HOUR (DAY_OF_WEEK, FROM_TIME, HOUR_SET_ID, TO_TIME, ID) values (8,TIMESTAMP '31-12-14 07:00:01',47,TIMESTAMP '31-12-14 17:00:01',376);

insert into LIBRARY_HOUR (DAY_OF_WEEK, FROM_TIME, HOUR_SET_ID, TO_TIME, ID) values (1,TIMESTAMP '31-12-14 07:00:01',48,TIMESTAMP '31-12-14 17:00:01',377);
insert into LIBRARY_HOUR (DAY_OF_WEEK, FROM_TIME, HOUR_SET_ID, TO_TIME, ID) values (2,TIMESTAMP '31-12-14 07:00:01',48,TIMESTAMP '31-12-14 17:00:01',378);
insert into LIBRARY_HOUR (DAY_OF_WEEK, FROM_TIME, HOUR_SET_ID, TO_TIME, ID) values (3,TIMESTAMP '31-12-14 07:00:01',48,TIMESTAMP '31-12-14 17:00:01',379);
insert into LIBRARY_HOUR (DAY_OF_WEEK, FROM_TIME, HOUR_SET_ID, TO_TIME, ID) values (4,TIMESTAMP '31-12-14 07:00:01',48,TIMESTAMP '31-12-14 17:00:01',380);
insert into LIBRARY_HOUR (DAY_OF_WEEK, FROM_TIME, HOUR_SET_ID, TO_TIME, ID) values (5,TIMESTAMP '31-12-14 07:00:01',48,TIMESTAMP '31-12-14 17:00:01',381);
insert into LIBRARY_HOUR (DAY_OF_WEEK, FROM_TIME, HOUR_SET_ID, TO_TIME, ID) values (6,TIMESTAMP '31-12-14 07:00:01',48,TIMESTAMP '31-12-14 17:00:01',382);
insert into LIBRARY_HOUR (DAY_OF_WEEK, FROM_TIME, HOUR_SET_ID, TO_TIME, ID) values (7,TIMESTAMP '31-12-14 07:00:01',48,TIMESTAMP '31-12-14 17:00:01',383);
insert into LIBRARY_HOUR (DAY_OF_WEEK, FROM_TIME, HOUR_SET_ID, TO_TIME, ID) values (8,TIMESTAMP '31-12-14 07:00:01',48,TIMESTAMP '31-12-14 17:00:01',384);

insert into LIBRARY_HOUR (DAY_OF_WEEK, FROM_TIME, HOUR_SET_ID, TO_TIME, ID) values (1,TIMESTAMP '31-12-14 07:00:01',49,TIMESTAMP '31-12-14 17:00:01',385);
insert into LIBRARY_HOUR (DAY_OF_WEEK, FROM_TIME, HOUR_SET_ID, TO_TIME, ID) values (2,TIMESTAMP '31-12-14 07:00:01',49,TIMESTAMP '31-12-14 17:00:01',386);
insert into LIBRARY_HOUR (DAY_OF_WEEK, FROM_TIME, HOUR_SET_ID, TO_TIME, ID) values (3,TIMESTAMP '31-12-14 07:00:01',49,TIMESTAMP '31-12-14 17:00:01',387);
insert into LIBRARY_HOUR (DAY_OF_WEEK, FROM_TIME, HOUR_SET_ID, TO_TIME, ID) values (4,TIMESTAMP '31-12-14 07:00:01',49,TIMESTAMP '31-12-14 17:00:01',388);
insert into LIBRARY_HOUR (DAY_OF_WEEK, FROM_TIME, HOUR_SET_ID, TO_TIME, ID) values (5,TIMESTAMP '31-12-14 07:00:01',49,TIMESTAMP '31-12-14 17:00:01',389);
insert into LIBRARY_HOUR (DAY_OF_WEEK, FROM_TIME, HOUR_SET_ID, TO_TIME, ID) values (6,TIMESTAMP '31-12-14 07:00:01',49,TIMESTAMP '31-12-14 17:00:01',390);
insert into LIBRARY_HOUR (DAY_OF_WEEK, FROM_TIME, HOUR_SET_ID, TO_TIME, ID) values (7,TIMESTAMP '31-12-14 07:00:01',49,TIMESTAMP '31-12-14 17:00:01',391);
insert into LIBRARY_HOUR (DAY_OF_WEEK, FROM_TIME, HOUR_SET_ID, TO_TIME, ID) values (8,TIMESTAMP '31-12-14 07:00:01',49,TIMESTAMP '31-12-14 17:00:01',392);

insert into LIBRARY_HOUR (DAY_OF_WEEK, FROM_TIME, HOUR_SET_ID, TO_TIME, ID) values (1,TIMESTAMP '31-12-14 07:00:01',50,TIMESTAMP '31-12-14 17:00:01',393);
insert into LIBRARY_HOUR (DAY_OF_WEEK, FROM_TIME, HOUR_SET_ID, TO_TIME, ID) values (2,TIMESTAMP '31-12-14 07:00:01',50,TIMESTAMP '31-12-14 17:00:01',394);
insert into LIBRARY_HOUR (DAY_OF_WEEK, FROM_TIME, HOUR_SET_ID, TO_TIME, ID) values (3,TIMESTAMP '31-12-14 07:00:01',50,TIMESTAMP '31-12-14 17:00:01',395);
insert into LIBRARY_HOUR (DAY_OF_WEEK, FROM_TIME, HOUR_SET_ID, TO_TIME, ID) values (4,TIMESTAMP '31-12-14 07:00:01',50,TIMESTAMP '31-12-14 17:00:01',396);
insert into LIBRARY_HOUR (DAY_OF_WEEK, FROM_TIME, HOUR_SET_ID, TO_TIME, ID) values (5,TIMESTAMP '31-12-14 07:00:01',50,TIMESTAMP '31-12-14 17:00:01',397);
insert into LIBRARY_HOUR (DAY_OF_WEEK, FROM_TIME, HOUR_SET_ID, TO_TIME, ID) values (6,TIMESTAMP '31-12-14 07:00:01',50,TIMESTAMP '31-12-14 17:00:01',398);
insert into LIBRARY_HOUR (DAY_OF_WEEK, FROM_TIME, HOUR_SET_ID, TO_TIME, ID) values (7,TIMESTAMP '31-12-14 07:00:01',50,TIMESTAMP '31-12-14 17:00:01',399);
insert into LIBRARY_HOUR (DAY_OF_WEEK, FROM_TIME, HOUR_SET_ID, TO_TIME, ID) values (8,TIMESTAMP '31-12-14 07:00:01',50,TIMESTAMP '31-12-14 17:00:01',400);

insert into LIBRARY_HOUR (DAY_OF_WEEK, FROM_TIME, HOUR_SET_ID, TO_TIME, ID) values (1,TIMESTAMP '31-12-14 07:00:01',51,TIMESTAMP '31-12-14 17:00:01',401);
insert into LIBRARY_HOUR (DAY_OF_WEEK, FROM_TIME, HOUR_SET_ID, TO_TIME, ID) values (2,TIMESTAMP '31-12-14 07:00:01',51,TIMESTAMP '31-12-14 17:00:01',402);
insert into LIBRARY_HOUR (DAY_OF_WEEK, FROM_TIME, HOUR_SET_ID, TO_TIME, ID) values (3,TIMESTAMP '31-12-14 07:00:01',51,TIMESTAMP '31-12-14 17:00:01',403);
insert into LIBRARY_HOUR (DAY_OF_WEEK, FROM_TIME, HOUR_SET_ID, TO_TIME, ID) values (4,TIMESTAMP '31-12-14 07:00:01',51,TIMESTAMP '31-12-14 17:00:01',404);
insert into LIBRARY_HOUR (DAY_OF_WEEK, FROM_TIME, HOUR_SET_ID, TO_TIME, ID) values (5,TIMESTAMP '31-12-14 07:00:01',51,TIMESTAMP '31-12-14 17:00:01',405);
insert into LIBRARY_HOUR (DAY_OF_WEEK, FROM_TIME, HOUR_SET_ID, TO_TIME, ID) values (6,TIMESTAMP '31-12-14 07:00:01',51,TIMESTAMP '31-12-14 17:00:01',406);
insert into LIBRARY_HOUR (DAY_OF_WEEK, FROM_TIME, HOUR_SET_ID, TO_TIME, ID) values (7,TIMESTAMP '31-12-14 07:00:01',51,TIMESTAMP '31-12-14 17:00:01',407);
insert into LIBRARY_HOUR (DAY_OF_WEEK, FROM_TIME, HOUR_SET_ID, TO_TIME, ID) values (8,TIMESTAMP '31-12-14 07:00:01',51,TIMESTAMP '31-12-14 17:00:01',408);

insert into LIBRARY_HOUR (DAY_OF_WEEK, FROM_TIME, HOUR_SET_ID, TO_TIME, ID) values (1,TIMESTAMP '31-12-14 07:00:01',52,TIMESTAMP '31-12-14 17:00:01',409);
insert into LIBRARY_HOUR (DAY_OF_WEEK, FROM_TIME, HOUR_SET_ID, TO_TIME, ID) values (2,TIMESTAMP '31-12-14 07:00:01',52,TIMESTAMP '31-12-14 17:00:01',410);
insert into LIBRARY_HOUR (DAY_OF_WEEK, FROM_TIME, HOUR_SET_ID, TO_TIME, ID) values (3,TIMESTAMP '31-12-14 07:00:01',52,TIMESTAMP '31-12-14 17:00:01',411);
insert into LIBRARY_HOUR (DAY_OF_WEEK, FROM_TIME, HOUR_SET_ID, TO_TIME, ID) values (4,TIMESTAMP '31-12-14 07:00:01',52,TIMESTAMP '31-12-14 17:00:01',412);
insert into LIBRARY_HOUR (DAY_OF_WEEK, FROM_TIME, HOUR_SET_ID, TO_TIME, ID) values (5,TIMESTAMP '31-12-14 07:00:01',52,TIMESTAMP '31-12-14 17:00:01',413);
insert into LIBRARY_HOUR (DAY_OF_WEEK, FROM_TIME, HOUR_SET_ID, TO_TIME, ID) values (6,TIMESTAMP '31-12-14 07:00:01',52,TIMESTAMP '31-12-14 17:00:01',414);
insert into LIBRARY_HOUR (DAY_OF_WEEK, FROM_TIME, HOUR_SET_ID, TO_TIME, ID) values (7,TIMESTAMP '31-12-14 07:00:01',52,TIMESTAMP '31-12-14 17:00:01',415);
insert into LIBRARY_HOUR (DAY_OF_WEEK, FROM_TIME, HOUR_SET_ID, TO_TIME, ID) values (8,TIMESTAMP '31-12-14 07:00:01',52,TIMESTAMP '31-12-14 17:00:01',416);

insert into LIBRARY_HOUR (DAY_OF_WEEK, FROM_TIME, HOUR_SET_ID, TO_TIME, ID) values (1,TIMESTAMP '31-12-14 07:00:01',53,TIMESTAMP '31-12-14 17:00:01',417);
insert into LIBRARY_HOUR (DAY_OF_WEEK, FROM_TIME, HOUR_SET_ID, TO_TIME, ID) values (2,TIMESTAMP '31-12-14 07:00:01',53,TIMESTAMP '31-12-14 17:00:01',418);
insert into LIBRARY_HOUR (DAY_OF_WEEK, FROM_TIME, HOUR_SET_ID, TO_TIME, ID) values (3,TIMESTAMP '31-12-14 07:00:01',53,TIMESTAMP '31-12-14 17:00:01',419);
insert into LIBRARY_HOUR (DAY_OF_WEEK, FROM_TIME, HOUR_SET_ID, TO_TIME, ID) values (4,TIMESTAMP '31-12-14 07:00:01',53,TIMESTAMP '31-12-14 17:00:01',420);
insert into LIBRARY_HOUR (DAY_OF_WEEK, FROM_TIME, HOUR_SET_ID, TO_TIME, ID) values (5,TIMESTAMP '31-12-14 07:00:01',53,TIMESTAMP '31-12-14 17:00:01',421);
insert into LIBRARY_HOUR (DAY_OF_WEEK, FROM_TIME, HOUR_SET_ID, TO_TIME, ID) values (6,TIMESTAMP '31-12-14 07:00:01',53,TIMESTAMP '31-12-14 17:00:01',422);
insert into LIBRARY_HOUR (DAY_OF_WEEK, FROM_TIME, HOUR_SET_ID, TO_TIME, ID) values (7,TIMESTAMP '31-12-14 07:00:01',53,TIMESTAMP '31-12-14 17:00:01',423);
insert into LIBRARY_HOUR (DAY_OF_WEEK, FROM_TIME, HOUR_SET_ID, TO_TIME, ID) values (8,TIMESTAMP '31-12-14 07:00:01',53,TIMESTAMP '31-12-14 17:00:01',424);

insert into LIBRARY_HOUR (DAY_OF_WEEK, FROM_TIME, HOUR_SET_ID, TO_TIME, ID) values (1,TIMESTAMP '31-12-14 07:00:02',54,TIMESTAMP '31-12-14 17:00:02',425);
insert into LIBRARY_HOUR (DAY_OF_WEEK, FROM_TIME, HOUR_SET_ID, TO_TIME, ID) values (2,TIMESTAMP '31-12-14 07:00:02',54,TIMESTAMP '31-12-14 17:00:02',426);
insert into LIBRARY_HOUR (DAY_OF_WEEK, FROM_TIME, HOUR_SET_ID, TO_TIME, ID) values (3,TIMESTAMP '31-12-14 07:00:02',54,TIMESTAMP '31-12-14 17:00:02',427);
insert into LIBRARY_HOUR (DAY_OF_WEEK, FROM_TIME, HOUR_SET_ID, TO_TIME, ID) values (4,TIMESTAMP '31-12-14 07:00:02',54,TIMESTAMP '31-12-14 17:00:02',428);
insert into LIBRARY_HOUR (DAY_OF_WEEK, FROM_TIME, HOUR_SET_ID, TO_TIME, ID) values (5,TIMESTAMP '31-12-14 07:00:02',54,TIMESTAMP '31-12-14 17:00:02',429);
insert into LIBRARY_HOUR (DAY_OF_WEEK, FROM_TIME, HOUR_SET_ID, TO_TIME, ID) values (6,TIMESTAMP '31-12-14 07:00:02',54,TIMESTAMP '31-12-14 17:00:02',430);
insert into LIBRARY_HOUR (DAY_OF_WEEK, FROM_TIME, HOUR_SET_ID, TO_TIME, ID) values (7,TIMESTAMP '31-12-14 07:00:02',54,TIMESTAMP '31-12-14 17:00:02',431);
insert into LIBRARY_HOUR (DAY_OF_WEEK, FROM_TIME, HOUR_SET_ID, TO_TIME, ID) values (8,TIMESTAMP '31-12-14 07:00:02',54,TIMESTAMP '31-12-14 17:00:02',432);

insert into LIBRARY_HOUR (DAY_OF_WEEK, FROM_TIME, HOUR_SET_ID, TO_TIME, ID) values (1,TIMESTAMP '31-12-14 07:00:02',55,TIMESTAMP '31-12-14 17:00:02',433);
insert into LIBRARY_HOUR (DAY_OF_WEEK, FROM_TIME, HOUR_SET_ID, TO_TIME, ID) values (2,TIMESTAMP '31-12-14 07:00:02',55,TIMESTAMP '31-12-14 17:00:02',434);
insert into LIBRARY_HOUR (DAY_OF_WEEK, FROM_TIME, HOUR_SET_ID, TO_TIME, ID) values (3,TIMESTAMP '31-12-14 07:00:02',55,TIMESTAMP '31-12-14 17:00:02',435);
insert into LIBRARY_HOUR (DAY_OF_WEEK, FROM_TIME, HOUR_SET_ID, TO_TIME, ID) values (4,TIMESTAMP '31-12-14 07:00:02',55,TIMESTAMP '31-12-14 17:00:02',436);
insert into LIBRARY_HOUR (DAY_OF_WEEK, FROM_TIME, HOUR_SET_ID, TO_TIME, ID) values (5,TIMESTAMP '31-12-14 07:00:02',55,TIMESTAMP '31-12-14 17:00:02',437);
insert into LIBRARY_HOUR (DAY_OF_WEEK, FROM_TIME, HOUR_SET_ID, TO_TIME, ID) values (6,TIMESTAMP '31-12-14 07:00:02',55,TIMESTAMP '31-12-14 17:00:02',438);
insert into LIBRARY_HOUR (DAY_OF_WEEK, FROM_TIME, HOUR_SET_ID, TO_TIME, ID) values (7,TIMESTAMP '31-12-14 07:00:02',55,TIMESTAMP '31-12-14 17:00:02',439);
insert into LIBRARY_HOUR (DAY_OF_WEEK, FROM_TIME, HOUR_SET_ID, TO_TIME, ID) values (8,TIMESTAMP '31-12-14 07:00:02',55,TIMESTAMP '31-12-14 17:00:02',440);

insert into LIBRARY_HOUR (DAY_OF_WEEK, FROM_TIME, HOUR_SET_ID, TO_TIME, ID) values (1,TIMESTAMP '31-12-14 07:00:02',56,TIMESTAMP '31-12-14 17:00:02',441);
insert into LIBRARY_HOUR (DAY_OF_WEEK, FROM_TIME, HOUR_SET_ID, TO_TIME, ID) values (2,TIMESTAMP '31-12-14 07:00:02',56,TIMESTAMP '31-12-14 17:00:02',442);
insert into LIBRARY_HOUR (DAY_OF_WEEK, FROM_TIME, HOUR_SET_ID, TO_TIME, ID) values (3,TIMESTAMP '31-12-14 07:00:02',56,TIMESTAMP '31-12-14 17:00:02',443);
insert into LIBRARY_HOUR (DAY_OF_WEEK, FROM_TIME, HOUR_SET_ID, TO_TIME, ID) values (4,TIMESTAMP '31-12-14 07:00:02',56,TIMESTAMP '31-12-14 17:00:02',444);
insert into LIBRARY_HOUR (DAY_OF_WEEK, FROM_TIME, HOUR_SET_ID, TO_TIME, ID) values (5,TIMESTAMP '31-12-14 07:00:02',56,TIMESTAMP '31-12-14 17:00:02',445);
insert into LIBRARY_HOUR (DAY_OF_WEEK, FROM_TIME, HOUR_SET_ID, TO_TIME, ID) values (6,TIMESTAMP '31-12-14 07:00:02',56,TIMESTAMP '31-12-14 17:00:02',446);
insert into LIBRARY_HOUR (DAY_OF_WEEK, FROM_TIME, HOUR_SET_ID, TO_TIME, ID) values (7,TIMESTAMP '31-12-14 07:00:02',56,TIMESTAMP '31-12-14 17:00:02',447);
insert into LIBRARY_HOUR (DAY_OF_WEEK, FROM_TIME, HOUR_SET_ID, TO_TIME, ID) values (8,TIMESTAMP '31-12-14 07:00:02',56,TIMESTAMP '31-12-14 17:00:02',448);

insert into LIBRARY_HOUR (DAY_OF_WEEK, FROM_TIME, HOUR_SET_ID, TO_TIME, ID) values (1,TIMESTAMP '31-12-14 07:00:02',57,TIMESTAMP '31-12-14 17:00:02',449);
insert into LIBRARY_HOUR (DAY_OF_WEEK, FROM_TIME, HOUR_SET_ID, TO_TIME, ID) values (2,TIMESTAMP '31-12-14 07:00:02',57,TIMESTAMP '31-12-14 17:00:02',450);
insert into LIBRARY_HOUR (DAY_OF_WEEK, FROM_TIME, HOUR_SET_ID, TO_TIME, ID) values (3,TIMESTAMP '31-12-14 07:00:02',57,TIMESTAMP '31-12-14 17:00:02',451);
insert into LIBRARY_HOUR (DAY_OF_WEEK, FROM_TIME, HOUR_SET_ID, TO_TIME, ID) values (4,TIMESTAMP '31-12-14 07:00:02',57,TIMESTAMP '31-12-14 17:00:02',452);
insert into LIBRARY_HOUR (DAY_OF_WEEK, FROM_TIME, HOUR_SET_ID, TO_TIME, ID) values (5,TIMESTAMP '31-12-14 07:00:02',57,TIMESTAMP '31-12-14 17:00:02',453);
insert into LIBRARY_HOUR (DAY_OF_WEEK, FROM_TIME, HOUR_SET_ID, TO_TIME, ID) values (6,TIMESTAMP '31-12-14 07:00:02',57,TIMESTAMP '31-12-14 17:00:02',454);
insert into LIBRARY_HOUR (DAY_OF_WEEK, FROM_TIME, HOUR_SET_ID, TO_TIME, ID) values (7,TIMESTAMP '31-12-14 07:00:02',57,TIMESTAMP '31-12-14 17:00:02',455);
insert into LIBRARY_HOUR (DAY_OF_WEEK, FROM_TIME, HOUR_SET_ID, TO_TIME, ID) values (8,TIMESTAMP '31-12-14 07:00:02',57,TIMESTAMP '31-12-14 17:00:02',456);

insert into LIBRARY_HOUR (DAY_OF_WEEK, FROM_TIME, HOUR_SET_ID, TO_TIME, ID) values (1,TIMESTAMP '31-12-14 07:00:02',58,TIMESTAMP '31-12-14 17:00:02',457);
insert into LIBRARY_HOUR (DAY_OF_WEEK, FROM_TIME, HOUR_SET_ID, TO_TIME, ID) values (2,TIMESTAMP '31-12-14 07:00:02',58,TIMESTAMP '31-12-14 17:00:02',458);
insert into LIBRARY_HOUR (DAY_OF_WEEK, FROM_TIME, HOUR_SET_ID, TO_TIME, ID) values (3,TIMESTAMP '31-12-14 07:00:02',58,TIMESTAMP '31-12-14 17:00:02',459);
insert into LIBRARY_HOUR (DAY_OF_WEEK, FROM_TIME, HOUR_SET_ID, TO_TIME, ID) values (4,TIMESTAMP '31-12-14 07:00:02',58,TIMESTAMP '31-12-14 17:00:02',460);
insert into LIBRARY_HOUR (DAY_OF_WEEK, FROM_TIME, HOUR_SET_ID, TO_TIME, ID) values (5,TIMESTAMP '31-12-14 07:00:02',58,TIMESTAMP '31-12-14 17:00:02',461);
insert into LIBRARY_HOUR (DAY_OF_WEEK, FROM_TIME, HOUR_SET_ID, TO_TIME, ID) values (6,TIMESTAMP '31-12-14 07:00:02',58,TIMESTAMP '31-12-14 17:00:02',462);
insert into LIBRARY_HOUR (DAY_OF_WEEK, FROM_TIME, HOUR_SET_ID, TO_TIME, ID) values (7,TIMESTAMP '31-12-14 07:00:02',58,TIMESTAMP '31-12-14 17:00:02',463);
insert into LIBRARY_HOUR (DAY_OF_WEEK, FROM_TIME, HOUR_SET_ID, TO_TIME, ID) values (8,TIMESTAMP '31-12-14 07:00:02',58,TIMESTAMP '31-12-14 17:00:02',464);

insert into LIBRARY_HOUR (DAY_OF_WEEK, FROM_TIME, HOUR_SET_ID, TO_TIME, ID) values (1,TIMESTAMP '31-12-14 07:00:02',59,TIMESTAMP '31-12-14 17:00:02',465);
insert into LIBRARY_HOUR (DAY_OF_WEEK, FROM_TIME, HOUR_SET_ID, TO_TIME, ID) values (2,TIMESTAMP '31-12-14 07:00:02',59,TIMESTAMP '31-12-14 17:00:02',466);
insert into LIBRARY_HOUR (DAY_OF_WEEK, FROM_TIME, HOUR_SET_ID, TO_TIME, ID) values (3,TIMESTAMP '31-12-14 07:00:02',59,TIMESTAMP '31-12-14 17:00:02',467);
insert into LIBRARY_HOUR (DAY_OF_WEEK, FROM_TIME, HOUR_SET_ID, TO_TIME, ID) values (4,TIMESTAMP '31-12-14 07:00:02',59,TIMESTAMP '31-12-14 17:00:02',468);
insert into LIBRARY_HOUR (DAY_OF_WEEK, FROM_TIME, HOUR_SET_ID, TO_TIME, ID) values (5,TIMESTAMP '31-12-14 07:00:02',59,TIMESTAMP '31-12-14 17:00:02',469);
insert into LIBRARY_HOUR (DAY_OF_WEEK, FROM_TIME, HOUR_SET_ID, TO_TIME, ID) values (6,TIMESTAMP '31-12-14 07:00:02',59,TIMESTAMP '31-12-14 17:00:02',470);
insert into LIBRARY_HOUR (DAY_OF_WEEK, FROM_TIME, HOUR_SET_ID, TO_TIME, ID) values (7,TIMESTAMP '31-12-14 07:00:02',59,TIMESTAMP '31-12-14 17:00:02',471);
insert into LIBRARY_HOUR (DAY_OF_WEEK, FROM_TIME, HOUR_SET_ID, TO_TIME, ID) values (8,TIMESTAMP '31-12-14 07:00:02',59,TIMESTAMP '31-12-14 17:00:02',472);

insert into LIBRARY_HOUR (DAY_OF_WEEK, FROM_TIME, HOUR_SET_ID, TO_TIME, ID) values (1,TIMESTAMP '31-12-14 07:00:02',60,TIMESTAMP '31-12-14 17:00:02',473);
insert into LIBRARY_HOUR (DAY_OF_WEEK, FROM_TIME, HOUR_SET_ID, TO_TIME, ID) values (2,TIMESTAMP '31-12-14 07:00:02',60,TIMESTAMP '31-12-14 17:00:02',474);
insert into LIBRARY_HOUR (DAY_OF_WEEK, FROM_TIME, HOUR_SET_ID, TO_TIME, ID) values (3,TIMESTAMP '31-12-14 07:00:02',60,TIMESTAMP '31-12-14 17:00:02',475);
insert into LIBRARY_HOUR (DAY_OF_WEEK, FROM_TIME, HOUR_SET_ID, TO_TIME, ID) values (4,TIMESTAMP '31-12-14 07:00:02',60,TIMESTAMP '31-12-14 17:00:02',476);
insert into LIBRARY_HOUR (DAY_OF_WEEK, FROM_TIME, HOUR_SET_ID, TO_TIME, ID) values (5,TIMESTAMP '31-12-14 07:00:02',60,TIMESTAMP '31-12-14 17:00:02',477);
insert into LIBRARY_HOUR (DAY_OF_WEEK, FROM_TIME, HOUR_SET_ID, TO_TIME, ID) values (6,TIMESTAMP '31-12-14 07:00:02',60,TIMESTAMP '31-12-14 17:00:02',478);
insert into LIBRARY_HOUR (DAY_OF_WEEK, FROM_TIME, HOUR_SET_ID, TO_TIME, ID) values (7,TIMESTAMP '31-12-14 07:00:02',60,TIMESTAMP '31-12-14 17:00:02',479);
insert into LIBRARY_HOUR (DAY_OF_WEEK, FROM_TIME, HOUR_SET_ID, TO_TIME, ID) values (8,TIMESTAMP '31-12-14 07:00:02',60,TIMESTAMP '31-12-14 17:00:02',480);

insert into HIBERNATE_SEQUENCES (SEQUENCE_NAME,SEQUENCE_NEXT_HI_VALUE) values ('LIBRARY',31);
insert into HIBERNATE_SEQUENCES (SEQUENCE_NAME,SEQUENCE_NEXT_HI_VALUE) values ('LIBRARY_HOUR_SET',61);
insert into HIBERNATE_SEQUENCES (SEQUENCE_NAME,SEQUENCE_NEXT_HI_VALUE) values ('LIBRARY_HOUR',481);
insert into HIBERNATE_SEQUENCES (SEQUENCE_NAME,SEQUENCE_NEXT_HI_VALUE) values ('LIBRARY_CONTACT_DETAIL',31);
insert into HIBERNATE_SEQUENCES (SEQUENCE_NAME,SEQUENCE_NEXT_HI_VALUE) values ('LIBRARY_HOUR_PERIOD',31);

--insert for library data end